"seed","model_key","model_label","target","positive_class","lambda_min","lambda_1se","active_terms","accuracy","auc"
1,"chatgpt","ChatGPT","gender","male",0.0305707863186293,0.058632024787896,5,0.916666666666667,0.954618055555556
1,"chatgpt","ChatGPT","ethnicity","german",0.0544111606960487,0.0544111606960487,2,0.5,0.5
1,"gemini","Gemini","gender","male",0.0276388471304663,0.0440088607136262,6,0.895833333333333,0.9271875
1,"gemini","Gemini","ethnicity","german",0.0540513037713916,0.0593212391623925,2,0.5,0.545833333333333
1,"qwen4B","Qwen 4B","gender","male",0.033570853559816,0.0423616126348553,9,0.6125,0.676145833333333
1,"qwen4B","Qwen 4B","ethnicity","german",0.0414808300830301,0.0414808300830301,1,0.5,0.5
1,"qwen8B","Qwen 8B","gender","male",0.034219982137053,0.0496473348840534,6,0.658333333333333,0.733020833333333
1,"qwen8B","Qwen 8B","ethnicity","german",0.0512989176042577,0.0512989176042577,2,0.5,0.500034722222222
1,"qwen14B","Qwen 14B","gender","male",0.0441620773300153,0.0771744843375371,2,0.666666666666667,0.663854166666667
1,"qwen14B","Qwen 14B","ethnicity","german",0.0438163196568459,0.0480883567318375,4,0.533333333333333,0.568680555555556
1,"qwen4B_topk64","Qwen 4B top_k=64","gender","male",0.0407709543348554,0.0427122940174625,9,0.5875,0.628368055555556
1,"qwen4B_topk64","Qwen 4B top_k=64","ethnicity","german",0.0396077508320233,0.0434694576421021,8,0.525,0.506979166666667
1,"qwen8B_topk64","Qwen 8B top_k=64","gender","male",0.0318628091155429,0.0670681589631015,3,0.6625,0.705104166666667
1,"qwen8B_topk64","Qwen 8B top_k=64","ethnicity","german",0.0533287348462448,0.0558680227012692,1,0.5,0.5
1,"qwen14B_topk64","Qwen 14B top_k=64","gender","male",0.0379017407644911,0.0632239141300649,3,0.616666666666667,0.633402777777778
1,"qwen14B_topk64","Qwen 14B top_k=64","ethnicity","german",0.0425667070365287,0.0445935528358501,6,0.525,0.530034722222222
7,"chatgpt","ChatGPT","gender","male",0.0314777890574721,0.0550083303473836,4,0.75,0.816388888888889
7,"chatgpt","ChatGPT","ethnicity","german",0.0433528046678542,0.0433528046678542,2,0.5,0.5
7,"gemini","Gemini","gender","male",0.0326709370638655,0.0626599254532437,4,0.854166666666667,0.885277777777778
7,"gemini","Gemini","ethnicity","german",0.0458217756604985,0.0526839071072039,3,0.5375,0.551875
7,"qwen4B","Qwen 4B","gender","male",0.0306067443679129,0.0404603148005249,11,0.670833333333333,0.725416666666667
7,"qwen4B","Qwen 4B","ethnicity","german",0.043140511802741,0.043140511802741,1,0.5,0.5
7,"qwen8B","Qwen 8B","gender","male",0.0308604162218639,0.0407956540624705,18,0.6375,0.694479166666667
7,"qwen8B","Qwen 8B","ethnicity","german",0.0434166689054041,0.0601271530584143,1,0.5,0.5
7,"qwen14B","Qwen 14B","gender","male",0.0423079476507779,0.0585917001032077,2,0.658333333333333,0.658194444444444
7,"qwen14B","Qwen 14B","ethnicity","german",0.0469772223025611,0.0592785313098093,4,0.570833333333333,0.578090277777778
7,"qwen4B_topk64","Qwen 4B top_k=64","gender","male",0.0359218192354321,0.0453281948544834,10,0.616666666666667,0.651979166666667
7,"qwen4B_topk64","Qwen 4B top_k=64","ethnicity","german",0.0396166845117073,0.0630809650772141,2,0.541666666666667,0.542604166666667
7,"qwen8B_topk64","Qwen 8B top_k=64","gender","male",0.0366824615056217,0.0508010410083158,8,0.604166666666667,0.627569444444444
7,"qwen8B_topk64","Qwen 8B top_k=64","ethnicity","german",0.0524906252077723,0.0524906252077723,1,0.5,0.5
7,"qwen14B_topk64","Qwen 14B top_k=64","gender","male",0.0386749301227667,0.0675855387578474,2,0.629166666666667,0.632152777777778
7,"qwen14B_topk64","Qwen 14B top_k=64","ethnicity","german",0.0426352828866937,0.0678874273297122,2,0.545833333333333,0.552395833333333
13,"chatgpt","ChatGPT","gender","male",0.0240240007924772,0.048269815245894,6,0.8875,0.957256944444444
13,"chatgpt","ChatGPT","ethnicity","german",0.0544111606960487,0.0544111606960487,2,0.5,0.5
13,"gemini","Gemini","gender","male",0.0361328528530375,0.0692995692703427,5,0.929166666666667,0.946388888888889
13,"gemini","Gemini","ethnicity","german",0.0577697904083163,0.0577697904083163,1,0.5,0.5
13,"qwen4B","Qwen 4B","gender","male",0.0359769031083248,0.0475593486132699,7,0.654166666666667,0.726944444444445
13,"qwen4B","Qwen 4B","ethnicity","german",0.0512989176042576,0.0512989176042576,2,0.5,0.495833333333333
13,"qwen8B","Qwen 8B","gender","male",0.04052231315993,0.0561187992325416,5,0.7375,0.796423611111111
13,"qwen8B","Qwen 8B","ethnicity","german",0.0522268138622957,0.0522268138622957,2,0.5,0.508333333333333
13,"qwen14B","Qwen 14B","gender","male",0.0420226628743476,0.0805956963495147,2,0.75,0.748333333333333
13,"qwen14B","Qwen 14B","ethnicity","german",0.045258948015945,0.0626785002909059,2,0.545833333333333,0.5496875
13,"qwen4B_topk64","Qwen 4B top_k=64","gender","male",0.0369823855589675,0.048888537238835,7,0.65,0.692777777777778
13,"qwen4B_topk64","Qwen 4B top_k=64","ethnicity","german",0.037674279614505,0.0793007473020763,1,0.5,0.5
13,"qwen8B_topk64","Qwen 8B top_k=64","gender","male",0.0431064237885938,0.056984155369357,4,0.670833333333333,0.730347222222222
13,"qwen8B_topk64","Qwen 8B top_k=64","ethnicity","german",0.0633229487280712,0.0633229487280712,2,0.5,0.4875
13,"qwen14B_topk64","Qwen 14B top_k=64","gender","male",0.0523313958639525,0.0958050896694284,2,0.641666666666667,0.643506944444444
13,"qwen14B_topk64","Qwen 14B top_k=64","ethnicity","german",0.0432756412215383,0.0572078508570042,3,0.529166666666667,0.541006944444445
21,"chatgpt","ChatGPT","gender","male",0.0303215486735524,0.0439913754241552,6,0.720833333333333,0.843784722222222
21,"chatgpt","ChatGPT","ethnicity","german",0.0462815607357521,0.0462815607357521,2,0.5,0.5
21,"gemini","Gemini","gender","male",0.0334845159917017,0.0558555391136416,6,0.916666666666667,0.9478125
21,"gemini","Gemini","ethnicity","german",0.0468319520906021,0.0564092520903599,2,0.5,0.5625
21,"qwen4B","Qwen 4B","gender","male",0.0357890881845565,0.0543962317804872,4,0.620833333333333,0.655555555555556
21,"qwen4B","Qwen 4B","ethnicity","german",0.0519699700334742,0.0519699700334742,1,0.5,0.5
21,"qwen8B","Qwen 8B","gender","male",0.0354096022209058,0.0468094102266294,12,0.670833333333333,0.7325
21,"qwen8B","Qwen 8B","ethnicity","german",0.0505348417279853,0.0581027877880685,2,0.4875,0.487708333333333
21,"qwen14B","Qwen 14B","gender","male",0.0500977339021359,0.0726832340826504,2,0.675,0.671458333333333
21,"qwen14B","Qwen 14B","ethnicity","german",0.0420710078773428,0.0506746779305145,5,0.591666666666667,0.625520833333333
21,"qwen4B_topk64","Qwen 4B top_k=64","gender","male",0.0427534293271377,0.0469218359071282,8,0.604166666666667,0.654965277777778
21,"qwen4B_topk64","Qwen 4B top_k=64","ethnicity","german",0.0541427479599314,0.0594215990464263,2,0.504166666666667,0.504166666666667
21,"qwen8B_topk64","Qwen 8B top_k=64","gender","male",0.039363447617137,0.0432013351653584,13,0.679166666666667,0.746423611111111
21,"qwen8B_topk64","Qwen 8B top_k=64","ethnicity","german",0.0499792240567795,0.0523590224340864,1,0.5,0.5
21,"qwen14B_topk64","Qwen 14B top_k=64","gender","male",0.0385177513682457,0.061331152741848,2,0.675,0.675694444444444
21,"qwen14B_topk64","Qwen 14B top_k=64","ethnicity","german",0.0466129074604774,0.0616195204216441,2,0.595833333333333,0.612881944444444
42,"chatgpt","ChatGPT","gender","male",0.0290159651399501,0.0610758252800971,5,0.8625,0.934756944444444
42,"chatgpt","ChatGPT","ethnicity","german",0.0519792084828739,0.0519792084828739,2,0.5,0.504166666666667
42,"gemini","Gemini","gender","male",0.0305562607553119,0.0533979334679477,6,0.95,0.965347222222222
42,"gemini","Gemini","ethnicity","german",0.0467305060683868,0.0512866727209203,2,0.5,0.579166666666667
42,"qwen4B","Qwen 4B","gender","male",0.0328229757773996,0.041417897907421,12,0.670833333333333,0.698229166666667
42,"qwen4B","Qwen 4B","ethnicity","german",0.0467040448598171,0.0467040448598171,2,0.5,0.483333333333333
42,"qwen8B","Qwen 8B","gender","male",0.0336623896831232,0.0488383637052199,7,0.695833333333333,0.775520833333333
42,"qwen8B","Qwen 8B","ethnicity","german",0.0582356126806863,0.0582356126806863,2,0.5,0.504166666666667
42,"qwen14B","Qwen 14B","gender","male",0.0472920718126642,0.0753023522087565,2,0.716666666666667,0.717430555555556
42,"qwen14B","Qwen 14B","ethnicity","german",0.0497023327802844,0.0571456048017182,2,0.579166666666667,0.582673611111111
42,"qwen4B_topk64","Qwen 4B top_k=64","gender","male",0.0344291801123355,0.0414700693335154,12,0.6,0.645138888888889
42,"qwen4B_topk64","Qwen 4B top_k=64","ethnicity","german",0.0455837106586236,0.050028066174432,3,0.533333333333333,0.548888888888889
42,"qwen8B_topk64","Qwen 8B top_k=64","gender","male",0.0356416230639064,0.0409792054450556,18,0.6875,0.7325
42,"qwen8B_topk64","Qwen 8B top_k=64","ethnicity","german",0.0532569685596362,0.0532569685596362,2,0.5,0.5
42,"qwen14B_topk64","Qwen 14B top_k=64","gender","male",0.046403025845069,0.0642629180842737,3,0.695833333333333,0.696805555555556
42,"qwen14B_topk64","Qwen 14B top_k=64","ethnicity","german",0.0434181917791276,0.0476514118775333,10,0.570833333333333,0.590590277777778
84,"chatgpt","ChatGPT","gender","male",0.0294889659840275,0.0681233361444439,4,0.7875,0.873923611111111
84,"chatgpt","ChatGPT","ethnicity","german",0.0432428435706219,0.0432428435706219,1,0.5,0.5
84,"gemini","Gemini","gender","male",0.0264506757396272,0.0484242646162154,6,0.916666666666667,0.959270833333333
84,"gemini","Gemini","ethnicity","german",0.0555704458944352,0.0555704458944352,2,0.5,0.566666666666667
84,"qwen4B","Qwen 4B","gender","male",0.0350432847133994,0.042209760499586,10,0.7,0.737569444444445
84,"qwen4B","Qwen 4B","ethnicity","german",0.0512989176042576,0.0512989176042576,1,0.5,0.5
84,"qwen8B","Qwen 8B","gender","male",0.0312978389478489,0.0413739011632242,17,0.675,0.776527777777778
84,"qwen8B","Qwen 8B","ethnicity","german",0.056536031943013,0.056536031943013,2,0.5,0.513055555555556
84,"qwen14B","Qwen 14B","gender","male",0.0349306001895707,0.0669937565499566,2,0.716666666666667,0.711631944444444
84,"qwen14B","Qwen 14B","ethnicity","german",0.0475534771024622,0.049817771712462,5,0.575,0.595520833333333
84,"qwen4B_topk64","Qwen 4B top_k=64","gender","male",0.0345637203274825,0.041632123498967,12,0.604166666666667,0.654444444444444
84,"qwen4B_topk64","Qwen 4B top_k=64","ethnicity","german",0.0384527848945997,0.0508323186252843,3,0.55,0.568333333333333
84,"qwen8B_topk64","Qwen 8B top_k=64","gender","male",0.0382982186404503,0.055564157768695,4,0.629166666666667,0.653819444444445
84,"qwen8B_topk64","Qwen 8B top_k=64","ethnicity","german",0.046788266225543,0.046788266225543,2,0.5,0.491666666666667
84,"qwen14B_topk64","Qwen 14B top_k=64","gender","male",0.0391440324674448,0.0517461072356055,4,0.654166666666667,0.665625
84,"qwen14B_topk64","Qwen 14B top_k=64","ethnicity","german",0.0412119829805132,0.0687457309488736,2,0.533333333333333,0.543715277777778
101,"chatgpt","ChatGPT","gender","male",0.0340738930517843,0.0684623904455168,4,0.8,0.890520833333333
101,"chatgpt","ChatGPT","ethnicity","german",0.0464261427421775,0.0533787823871524,2,0.5,0.504166666666667
101,"gemini","Gemini","gender","male",0.0338401044615285,0.040760525626638,10,0.908333333333333,0.947430555555555
101,"gemini","Gemini","ethnicity","german",0.0391386704263594,0.0391386704263594,17,0.516666666666667,0.516180555555555
101,"qwen4B","Qwen 4B","gender","male",0.032882177634225,0.0378065137588612,20,0.641666666666667,0.6709375
101,"qwen4B","Qwen 4B","ethnicity","german",0.0476604547371546,0.0476604547371546,2,0.495833333333333,0.483055555555556
101,"qwen8B","Qwen 8B","gender","male",0.0314734635058594,0.0501146543872286,7,0.683333333333333,0.769409722222222
101,"qwen8B","Qwen 8B","ethnicity","german",0.0467166724385305,0.0489411219645193,2,0.5,0.495833333333333
101,"qwen14B","Qwen 14B","gender","male",0.0426914302125186,0.0564355582847942,2,0.675,0.6778125
101,"qwen14B","Qwen 14B","ethnicity","german",0.0541129335448194,0.0622167238846489,2,0.5625,0.562916666666667
101,"qwen4B_topk64","Qwen 4B top_k=64","gender","male",0.0335249037402109,0.0443179497525474,9,0.595833333333333,0.633645833333333
101,"qwen4B_topk64","Qwen 4B top_k=64","ethnicity","german",0.0485724337624059,0.0558464955018194,2,0.5,0.5
101,"qwen8B_topk64","Qwen 8B top_k=64","gender","male",0.0369637408383311,0.0536280589691164,6,0.6625,0.734409722222222
101,"qwen8B_topk64","Qwen 8B top_k=64","ethnicity","german",0.0598684340089249,0.0598684340089249,2,0.5,0.495833333333333
101,"qwen14B_topk64","Qwen 14B top_k=64","gender","male",0.0388623208841921,0.0513737011017042,7,0.683333333333333,0.719166666666667
101,"qwen14B_topk64","Qwen 14B top_k=64","ethnicity","german",0.0525611379364929,0.0633100767245358,3,0.541666666666667,0.5525
123,"chatgpt","ChatGPT","gender","male",0.0228186235766814,0.0696847793136446,5,0.870833333333333,0.932604166666667
123,"chatgpt","ChatGPT","ethnicity","german",0.0431199143312054,0.0544111606960487,2,0.5,0.5
123,"gemini","Gemini","gender","male",0.0350116982449121,0.0584030326506242,6,0.891666666666667,0.927430555555555
123,"gemini","Gemini","ethnicity","german",0.0511065493336366,0.0535400261526398,2,0.545833333333333,0.545833333333333
123,"qwen4B","Qwen 4B","gender","male",0.028464717618024,0.0376286814987318,16,0.629166666666667,0.683159722222223
123,"qwen4B","Qwen 4B","ethnicity","german",0.0466083664231017,0.0466083664231017,1,0.5,0.5
123,"qwen8B","Qwen 8B","gender","male",0.0396697798028971,0.0477823902138759,8,0.641666666666667,0.752222222222222
123,"qwen8B","Qwen 8B","ethnicity","german",0.0538310983016554,0.0538310983016554,2,0.5,0.5
123,"qwen14B","Qwen 14B","gender","male",0.036564975492668,0.0734675554978507,2,0.7125,0.710069444444444
123,"qwen14B","Qwen 14B","ethnicity","german",0.0485083754960466,0.0532378822229847,4,0.554166666666667,0.5796875
123,"qwen4B_topk64","Qwen 4B top_k=64","gender","male",0.0355108298221554,0.0427729202383133,9,0.595833333333333,0.640034722222222
123,"qwen4B_topk64","Qwen 4B top_k=64","ethnicity","german",0.0436416668142646,0.0762650521816002,1,0.5,0.5
123,"qwen8B_topk64","Qwen 8B top_k=64","gender","male",0.0363549424819428,0.0697255172486311,2,0.670833333333333,0.6775
123,"qwen8B_topk64","Qwen 8B top_k=64","ethnicity","german",0.0452605099684565,0.0452605099684565,1,0.5,0.5
123,"qwen14B_topk64","Qwen 14B top_k=64","gender","male",0.0419788846478815,0.0460717740778254,6,0.625,0.649270833333333
123,"qwen14B_topk64","Qwen 14B top_k=64","ethnicity","german",0.0431260984683067,0.0451795801117564,7,0.5125,0.5228125
222,"chatgpt","ChatGPT","gender","male",0.0257893076500575,0.0494615777834741,6,0.8625,0.936458333333333
222,"chatgpt","ChatGPT","ethnicity","german",0.0513260006206542,0.0537699267778895,1,0.5,0.5
222,"gemini","Gemini","gender","male",0.0301208527443897,0.0634015077779021,6,0.929166666666667,0.939861111111111
222,"gemini","Gemini","ethnicity","german",0.0416139733257142,0.0576306245183297,1,0.5,0.5
222,"qwen4B","Qwen 4B","gender","male",0.0315359983796933,0.0416887339160746,10,0.6375,0.672361111111111
222,"qwen4B","Qwen 4B","ethnicity","german",0.0506376439055812,0.0506376439055812,2,0.5,0.503263888888889
222,"qwen8B","Qwen 8B","gender","male",0.0365222773315669,0.0482803012402864,9,0.654166666666667,0.795868055555556
222,"qwen8B","Qwen 8B","ethnicity","german",0.0495696695607532,0.0495696695607532,2,0.5,0.5
222,"qwen14B","Qwen 14B","gender","male",0.0469241228559759,0.0713204943866428,2,0.683333333333333,0.682083333333333
222,"qwen14B","Qwen 14B","ethnicity","german",0.0409075272086304,0.047033715572546,9,0.5625,0.578159722222222
222,"qwen4B_topk64","Qwen 4B top_k=64","gender","male",0.0415474968662615,0.0549233457232744,5,0.595833333333333,0.632430555555556
222,"qwen4B_topk64","Qwen 4B top_k=64","ethnicity","german",0.0498808935698782,0.0547442191146318,3,0.533333333333333,0.558854166666667
222,"qwen8B_topk64","Qwen 8B top_k=64","gender","male",0.0283063511989309,0.0374193304127975,30,0.670833333333333,0.710138888888889
222,"qwen8B_topk64","Qwen 8B top_k=64","ethnicity","german",0.0542874397634613,0.0542874397634613,2,0.5,0.4875
222,"qwen14B_topk64","Qwen 14B top_k=64","gender","male",0.0400482367865461,0.0554622573240425,3,0.633333333333333,0.629791666666667
222,"qwen14B_topk64","Qwen 14B top_k=64","ethnicity","german",0.0398710127671726,0.0458419758426491,8,0.575,0.619652777777778
333,"chatgpt","ChatGPT","gender","male",0.0265234537306868,0.070448621415629,3,0.716666666666667,0.778125
333,"chatgpt","ChatGPT","ethnicity","german",0.0519792084828737,0.0519792084828737,2,0.5,0.504166666666667
333,"gemini","Gemini","gender","male",0.0331910680009883,0.0438766385520406,10,0.8375,0.897083333333333
333,"gemini","Gemini","ethnicity","german",0.05308997552714,0.05308997552714,2,0.5,0.495833333333333
333,"qwen4B","Qwen 4B","gender","male",0.0299157873123955,0.0414299661384543,13,0.658333333333333,0.689305555555555
333,"qwen4B","Qwen 4B","ethnicity","german",0.0458349248514106,0.0458349248514106,1,0.5,0.5
333,"qwen8B","Qwen 8B","gender","male",0.0324916681443723,0.051735924113233,8,0.675,0.735173611111111
333,"qwen8B","Qwen 8B","ethnicity","german",0.0527981513657892,0.0527981513657892,1,0.5,0.5
333,"qwen14B","Qwen 14B","gender","male",0.0382778324519894,0.0668915993005872,2,0.654166666666667,0.653923611111111
333,"qwen14B","Qwen 14B","ethnicity","german",0.0451065168820963,0.0624674004910629,2,0.566666666666667,0.572465277777778
333,"qwen4B_topk64","Qwen 4B top_k=64","gender","male",0.0373409334935733,0.0449772865895768,9,0.641666666666667,0.688055555555556
333,"qwen4B_topk64","Qwen 4B top_k=64","ethnicity","german",0.0503947692323701,0.0553081970198336,3,0.533333333333333,0.547777777777778
333,"qwen8B_topk64","Qwen 8B top_k=64","gender","male",0.0336236631067647,0.0404998212485667,21,0.658333333333333,0.718402777777778
333,"qwen8B_topk64","Qwen 8B top_k=64","ethnicity","german",0.0381633479988894,0.0481566833532425,6,0.483333333333333,0.479479166666667
333,"qwen14B_topk64","Qwen 14B top_k=64","gender","male",0.0383745419752141,0.0771033961949178,2,0.691666666666667,0.692152777777778
333,"qwen14B_topk64","Qwen 14B top_k=64","ethnicity","german",0.0553892783058887,0.0607896645622641,3,0.533333333333333,0.5515625
444,"chatgpt","ChatGPT","gender","male",0.0305042002941699,0.064208417624223,4,0.816666666666667,0.887951388888889
444,"chatgpt","ChatGPT","ethnicity","german",0.0495774231432546,0.0544111606960488,1,0.5,0.5
444,"gemini","Gemini","gender","male",0.0328044207350333,0.0723380365675346,4,0.85,0.876701388888889
444,"gemini","Gemini","ethnicity","german",0.0495401251259147,0.0543702261680629,2,0.525,0.525
444,"qwen4B","Qwen 4B","gender","male",0.0260880548499861,0.039651523699178,17,0.608333333333333,0.685347222222222
444,"qwen4B","Qwen 4B","ethnicity","german",0.0511136968398077,0.0511136968398077,2,0.5,0.516388888888889
444,"qwen8B","Qwen 8B","gender","male",0.0318901109358837,0.064074663347838,4,0.704166666666667,0.767916666666667
444,"qwen8B","Qwen 8B","ethnicity","german",0.04799186762933,0.04799186762933,2,0.5,0.534756944444444
444,"qwen14B","Qwen 14B","gender","male",0.0433365148406747,0.083115546518052,2,0.675,0.675520833333333
444,"qwen14B","Qwen 14B","ethnicity","german",0.0530975235820627,0.0556258021386896,2,0.545833333333333,0.541944444444444
444,"qwen4B_topk64","Qwen 4B top_k=64","gender","male",0.0350013541696225,0.0421592550111618,14,0.616666666666667,0.611631944444444
444,"qwen4B_topk64","Qwen 4B top_k=64","ethnicity","german",0.0468060588214871,0.0563780635560421,3,0.516666666666667,0.555347222222222
444,"qwen8B_topk64","Qwen 8B top_k=64","gender","male",0.0396756143697916,0.0524488272260976,9,0.65,0.703229166666667
444,"qwen8B_topk64","Qwen 8B top_k=64","ethnicity","german",0.0558212460025146,0.0558212460025146,1,0.5,0.5
444,"qwen14B_topk64","Qwen 14B top_k=64","gender","male",0.0377781358099612,0.0499404722395258,9,0.704166666666667,0.721215277777778
444,"qwen14B_topk64","Qwen 14B top_k=64","ethnicity","german",0.0423486442287787,0.0464775847613893,7,0.583333333333333,0.611736111111111
555,"chatgpt","ChatGPT","gender","male",0.0276143556002898,0.073346152543875,4,0.8,0.907222222222222
555,"chatgpt","ChatGPT","ethnicity","german",0.0544111606960487,0.0544111606960487,2,0.5,0.5
555,"gemini","Gemini","gender","male",0.0320061770005536,0.0705778047706987,5,0.829166666666667,0.8421875
555,"gemini","Gemini","ethnicity","german",0.0365402639966499,0.0506041136160946,3,0.520833333333333,0.515104166666667
555,"qwen4B","Qwen 4B","gender","male",0.0304316679428256,0.0557124194361682,4,0.570833333333333,0.617048611111111
555,"qwen4B","Qwen 4B","ethnicity","german",0.0499105764820009,0.0499105764820009,1,0.5,0.5
555,"qwen8B","Qwen 8B","gender","male",0.0282008130170079,0.0449036693252112,9,0.645833333333333,0.718472222222222
555,"qwen8B","Qwen 8B","ethnicity","german",0.0503652059543261,0.0503652059543261,1,0.5,0.5
555,"qwen14B","Qwen 14B","gender","male",0.0420264761519916,0.066918034841576,2,0.7,0.700868055555556
555,"qwen14B","Qwen 14B","ethnicity","german",0.0504576572628238,0.0667020533909226,2,0.566666666666667,0.5625
555,"qwen4B_topk64","Qwen 4B top_k=64","gender","male",0.0342434187219631,0.0375821097736163,22,0.604166666666667,0.638229166666667
555,"qwen4B_topk64","Qwen 4B top_k=64","ethnicity","german",0.0463470091377104,0.0508657853129325,3,0.529166666666667,0.536354166666667
555,"qwen8B_topk64","Qwen 8B top_k=64","gender","male",0.0289637326890247,0.0365480854529301,35,0.616666666666667,0.683506944444444
555,"qwen8B_topk64","Qwen 8B top_k=64","ethnicity","german",0.0519919158855708,0.0519919158855708,1,0.5,0.5
555,"qwen14B_topk64","Qwen 14B top_k=64","gender","male",0.0434427878506227,0.0574288088638182,3,0.679166666666667,0.698784722222222
555,"qwen14B_topk64","Qwen 14B top_k=64","ethnicity","german",0.0422925943253785,0.0533672012521977,4,0.579166666666667,0.584826388888889
777,"chatgpt","ChatGPT","gender","male",0.0258936029510354,0.0520262816045361,6,0.829166666666667,0.907361111111111
777,"chatgpt","ChatGPT","ethnicity","german",0.0544111606960487,0.0544111606960487,2,0.5,0.5
777,"gemini","Gemini","gender","male",0.0264485246830698,0.0735945910313829,4,0.820833333333333,0.849826388888889
777,"gemini","Gemini","ethnicity","german",0.0546612588352596,0.0572639958231312,2,0.529166666666667,0.529166666666667
777,"qwen4B","Qwen 4B","gender","male",0.038288539265527,0.0506151955697575,5,0.575,0.635451388888889
777,"qwen4B","Qwen 4B","ethnicity","german",0.0425145461109024,0.0425145461109024,2,0.5,0.5
777,"qwen8B","Qwen 8B","gender","male",0.0333108572744342,0.0483283503701199,11,0.691666666666667,0.785833333333333
777,"qwen8B","Qwen 8B","ethnicity","german",0.0560903364674682,0.0560903364674682,2,0.5,0.520833333333333
777,"qwen14B","Qwen 14B","gender","male",0.0422436580016472,0.0773370818033212,2,0.691666666666667,0.691111111111111
777,"qwen14B","Qwen 14B","ethnicity","german",0.0450396007604593,0.0542503585678154,3,0.5625,0.592465277777778
777,"qwen4B_topk64","Qwen 4B top_k=64","gender","male",0.0334360895749382,0.0463051847650367,9,0.6375,0.701284722222222
777,"qwen4B_topk64","Qwen 4B top_k=64","ethnicity","german",0.0419883152916368,0.0439876205326178,6,0.4625,0.497048611111111
777,"qwen8B_topk64","Qwen 8B top_k=64","gender","male",0.0350546783575563,0.0485467463109754,8,0.675,0.755173611111111
777,"qwen8B_topk64","Qwen 8B top_k=64","ethnicity","german",0.037870534168838,0.0500626174321757,2,0.5,0.516666666666667
777,"qwen14B_topk64","Qwen 14B top_k=64","gender","male",0.046550370833311,0.053521614503958,3,0.6625,0.679583333333333
777,"qwen14B_topk64","Qwen 14B top_k=64","ethnicity","german",0.0610305298404614,0.0735114892567049,2,0.5,0.5125
999,"chatgpt","ChatGPT","gender","male",0.0311257256300445,0.0451580984956373,6,0.8,0.908020833333333
999,"chatgpt","ChatGPT","ethnicity","german",0.0512351327892822,0.0512351327892822,2,0.5,0.491666666666667
999,"gemini","Gemini","gender","male",0.0368001907833862,0.0643093785196684,5,0.941666666666667,0.956944444444445
999,"gemini","Gemini","ethnicity","german",0.0429546424759691,0.0493874006715541,2,0.566666666666667,0.566666666666667
999,"qwen4B","Qwen 4B","gender","male",0.0298809669634923,0.0413817439118111,12,0.6125,0.629201388888889
999,"qwen4B","Qwen 4B","ethnicity","german",0.0439681255567451,0.0439681255567451,1,0.5,0.5
999,"qwen8B","Qwen 8B","gender","male",0.0306822102792896,0.0445146336610573,12,0.633333333333333,0.755972222222223
999,"qwen8B","Qwen 8B","ethnicity","german",0.0559602628976778,0.0559602628976778,1,0.5,0.5
999,"qwen14B","Qwen 14B","gender","male",0.0359124065091546,0.0599055045900676,2,0.704166666666667,0.706875
999,"qwen14B","Qwen 14B","ethnicity","german",0.044161703006041,0.0462644957391472,6,0.55,0.558541666666667
999,"qwen4B_topk64","Qwen 4B top_k=64","gender","male",0.0327561228443251,0.0394548659311411,18,0.6125,0.644930555555556
999,"qwen4B_topk64","Qwen 4B top_k=64","ethnicity","german",0.040660574948403,0.0563102760990824,2,0.525,0.525138888888889
999,"qwen8B_topk64","Qwen 8B top_k=64","gender","male",0.0352941212893368,0.0466567512313252,8,0.6625,0.749236111111111
999,"qwen8B_topk64","Qwen 8B top_k=64","ethnicity","german",0.047055877298796,0.047055877298796,1,0.5,0.5
999,"qwen14B_topk64","Qwen 14B top_k=64","gender","male",0.0424531381659403,0.0980722553388726,2,0.616666666666667,0.621354166666667
999,"qwen14B_topk64","Qwen 14B top_k=64","ethnicity","german",0.0429531906843715,0.049385731464009,7,0.55,0.5725
1001,"chatgpt","ChatGPT","gender","male",0.0314516994838877,0.0435570299724118,7,0.829166666666667,0.917465277777778
1001,"chatgpt","ChatGPT","ethnicity","german",0.0458349248514107,0.0458349248514107,1,0.5,0.5
1001,"gemini","Gemini","gender","male",0.030261390112476,0.0554006852938616,6,0.9125,0.956458333333333
1001,"gemini","Gemini","ethnicity","german",0.0538815906080325,0.0538815906080325,1,0.5,0.5
1001,"qwen4B","Qwen 4B","gender","male",0.0340794758245117,0.0494434842822582,5,0.679166666666667,0.758576388888889
1001,"qwen4B","Qwen 4B","ethnicity","german",0.046272499689072,0.046272499689072,2,0.5,0.483333333333333
1001,"qwen8B","Qwen 8B","gender","male",0.0401130016470535,0.050616867228773,9,0.741666666666667,0.791423611111111
1001,"qwen8B","Qwen 8B","ethnicity","german",0.0560204637072795,0.0560204637072795,2,0.5,0.491666666666667
1001,"qwen14B","Qwen 14B","gender","male",0.0493602462041462,0.0823378532094634,2,0.720833333333333,0.720451388888889
1001,"qwen14B","Qwen 14B","ethnicity","german",0.0515408203670741,0.0539949753282492,2,0.55,0.552986111111111
1001,"qwen4B_topk64","Qwen 4B top_k=64","gender","male",0.0307734002849293,0.0406806241148642,14,0.620833333333333,0.644027777777778
1001,"qwen4B_topk64","Qwen 4B top_k=64","ethnicity","german",0.0406345595033855,0.061760917340106,3,0.545833333333333,0.56
1001,"qwen8B_topk64","Qwen 8B top_k=64","gender","male",0.0294867554573802,0.0427802334020394,14,0.704166666666667,0.768368055555556
1001,"qwen8B_topk64","Qwen 8B top_k=64","ethnicity","german",0.0394951952944136,0.0546963576987728,2,0.5,0.525
1001,"qwen14B_topk64","Qwen 14B top_k=64","gender","male",0.0364480440824291,0.0636939921587768,2,0.695833333333333,0.701701388888889
1001,"qwen14B_topk64","Qwen 14B top_k=64","ethnicity","german",0.0514095486206365,0.0619229833166626,2,0.5,0.5625
1234,"chatgpt","ChatGPT","gender","male",0.0314307770390607,0.0524296960634724,5,0.825,0.900902777777778
1234,"chatgpt","ChatGPT","ethnicity","german",0.0521181138062414,0.0521181138062414,2,0.5,0.483333333333333
1234,"gemini","Gemini","gender","male",0.0239702786173363,0.033196112175663,24,0.9,0.908125
1234,"gemini","Gemini","ethnicity","german",0.0426608622385668,0.0538319026532668,3,0.5375,0.556666666666667
1234,"qwen4B","Qwen 4B","gender","male",0.0385437637429716,0.0559204016698515,4,0.620833333333333,0.659965277777778
1234,"qwen4B","Qwen 4B","ethnicity","german",0.0445919375807617,0.0445919375807617,1,0.5,0.5
1234,"qwen8B","Qwen 8B","gender","male",0.0389889219543008,0.0592596945907286,5,0.6375,0.723854166666667
1234,"qwen8B","Qwen 8B","ethnicity","german",0.0471293799635994,0.0623022666755725,2,0.5,0.4871875
1234,"qwen14B","Qwen 14B","gender","male",0.0443772385273454,0.0674494566685582,2,0.670833333333333,0.668333333333333
1234,"qwen14B","Qwen 14B","ethnicity","german",0.0470215102250371,0.0784366064663425,2,0.5,0.566666666666667
1234,"qwen4B_topk64","Qwen 4B top_k=64","gender","male",0.0323363406742561,0.0491483625729435,7,0.620833333333333,0.662916666666667
1234,"qwen4B_topk64","Qwen 4B top_k=64","ethnicity","german",0.0544496924030278,0.0626039147376362,2,0.5625,0.562222222222222
1234,"qwen8B_topk64","Qwen 8B top_k=64","gender","male",0.0402034453041002,0.0507309941799471,7,0.6375,0.681666666666667
1234,"qwen8B_topk64","Qwen 8B top_k=64","ethnicity","german",0.0480523093844125,0.0480523093844125,1,0.5,0.5
1234,"qwen14B_topk64","Qwen 14B top_k=64","gender","male",0.0321836986645137,0.0466930362209178,12,0.641666666666667,0.669965277777778
1234,"qwen14B_topk64","Qwen 14B top_k=64","ethnicity","german",0.0475112984681438,0.0572275272071709,3,0.633333333333333,0.663715277777778
1729,"chatgpt","ChatGPT","gender","male",0.0301665103994438,0.0665210993974184,5,0.925,0.960104166666667
1729,"chatgpt","ChatGPT","ethnicity","german",0.0544111606960488,0.0544111606960488,1,0.5,0.5
1729,"gemini","Gemini","gender","male",0.0348909862773024,0.0555563170920488,6,0.8625,0.922916666666667
1729,"gemini","Gemini","ethnicity","german",0.0536202548214175,0.0616502630759339,2,0.5,0.545833333333333
1729,"qwen4B","Qwen 4B","gender","male",0.0354711999346057,0.0514626376729092,4,0.625,0.653645833333333
1729,"qwen4B","Qwen 4B","ethnicity","german",0.0476731294622797,0.0476731294622797,1,0.5,0.5
1729,"qwen8B","Qwen 8B","gender","male",0.0317785661171659,0.0420093941895299,16,0.704166666666667,0.754375
1729,"qwen8B","Qwen 8B","ethnicity","german",0.0461177452380488,0.0461177452380488,1,0.5,0.5
1729,"qwen14B","Qwen 14B","gender","male",0.0540664618292617,0.0860890968675664,2,0.779166666666667,0.779166666666667
1729,"qwen14B","Qwen 14B","ethnicity","german",0.0441164647777028,0.0556686647362839,2,0.554166666666667,0.555069444444444
1729,"qwen4B_topk64","Qwen 4B top_k=64","gender","male",0.034554727255597,0.0416212913120432,14,0.625,0.627048611111111
1729,"qwen4B_topk64","Qwen 4B top_k=64","ethnicity","german",0.0509461177697039,0.0739140938129298,2,0.5,0.5171875
1729,"qwen8B_topk64","Qwen 8B top_k=64","gender","male",0.0329010017754363,0.0523876990107119,6,0.679166666666667,0.748298611111111
1729,"qwen8B_topk64","Qwen 8B top_k=64","ethnicity","german",0.0426973340276321,0.0591309559897195,2,0.5,0.5
1729,"qwen14B_topk64","Qwen 14B top_k=64","gender","male",0.0435883559485925,0.0917493110886575,2,0.645833333333333,0.648125
1729,"qwen14B_topk64","Qwen 14B top_k=64","ethnicity","german",0.040845711280184,0.0491988038413697,6,0.558333333333333,0.564791666666667
2024,"chatgpt","ChatGPT","gender","male",0.0268490604430827,0.0408081845343147,7,0.8125,0.921041666666667
2024,"chatgpt","ChatGPT","ethnicity","german",0.0533787823871525,0.0533787823871525,1,0.5,0.5
2024,"gemini","Gemini","gender","male",0.0304236821541884,0.0556977995472117,6,0.916666666666667,0.956944444444444
2024,"gemini","Gemini","ethnicity","german",0.0453220784280321,0.0497409251243447,6,0.5125,0.538784722222222
2024,"qwen4B","Qwen 4B","gender","male",0.0441308064753925,0.0531557126340854,5,0.675,0.708194444444445
2024,"qwen4B","Qwen 4B","ethnicity","german",0.0433333808871383,0.0433333808871383,1,0.5,0.5
2024,"qwen8B","Qwen 8B","gender","male",0.0345406572466756,0.0524987277617008,7,0.679166666666667,0.794479166666667
2024,"qwen8B","Qwen 8B","ethnicity","german",0.0512989176042577,0.0512989176042577,1,0.5,0.5
2024,"qwen14B","Qwen 14B","gender","male",0.0454449252590954,0.0794162975264958,2,0.7125,0.7121875
2024,"qwen14B","Qwen 14B","ethnicity","german",0.0453453275096788,0.0572193136329712,3,0.6,0.603576388888889
2024,"qwen4B_topk64","Qwen 4B top_k=64","gender","male",0.0315931371792449,0.0552099044660691,5,0.641666666666667,0.656215277777778
2024,"qwen4B_topk64","Qwen 4B top_k=64","ethnicity","german",0.0466979087035935,0.0536912472024015,3,0.5125,0.528541666666666
2024,"qwen8B_topk64","Qwen 8B top_k=64","gender","male",0.0419290585015428,0.058066981684163,6,0.625,0.665
2024,"qwen8B_topk64","Qwen 8B top_k=64","ethnicity","german",0.0527000586862784,0.0552094116526851,2,0.5,0.495833333333333
2024,"qwen14B_topk64","Qwen 14B top_k=64","gender","male",0.0435050152300209,0.0602495026793388,2,0.704166666666667,0.707708333333333
2024,"qwen14B_topk64","Qwen 14B top_k=64","ethnicity","german",0.0624264508559795,0.0685129527485504,1,0.5,0.5
2025,"chatgpt","ChatGPT","gender","male",0.0277068858941616,0.0556695895368535,4,0.825,0.900902777777778
2025,"chatgpt","ChatGPT","ethnicity","german",0.0533787823871525,0.0533787823871525,2,0.5,0.504166666666667
2025,"gemini","Gemini","gender","male",0.0327783932238055,0.0521924715236338,7,0.858333333333333,0.921770833333333
2025,"gemini","Gemini","ethnicity","german",0.0472037567825676,0.0595643854026572,2,0.541666666666667,0.5403125
2025,"qwen4B","Qwen 4B","gender","male",0.0349248400335977,0.0506699630051106,5,0.625,0.6546875
2025,"qwen4B","Qwen 4B","ethnicity","german",0.0440436258831727,0.0440436258831727,1,0.5,0.5
2025,"qwen8B","Qwen 8B","gender","male",0.0330858703065023,0.0605715693070015,4,0.6625,0.746597222222222
2025,"qwen8B","Qwen 8B","ethnicity","german",0.050927694279345,0.050927694279345,2,0.5,0.491666666666667
2025,"qwen14B","Qwen 14B","gender","male",0.0368360950507607,0.0978399020357882,2,0.6875,0.6884375
2025,"qwen14B","Qwen 14B","ethnicity","german",0.0432089047403956,0.0474217196108912,5,0.604166666666667,0.634826388888889
2025,"qwen4B_topk64","Qwen 4B top_k=64","gender","male",0.0425207565029191,0.0466664777697846,7,0.6625,0.722083333333333
2025,"qwen4B_topk64","Qwen 4B top_k=64","ethnicity","german",0.0436812945180885,0.0479401668087408,3,0.504166666666667,0.491701388888889
2025,"qwen8B_topk64","Qwen 8B top_k=64","gender","male",0.0375748451303514,0.0656631089911794,3,0.654166666666667,0.692951388888889
2025,"qwen8B_topk64","Qwen 8B top_k=64","ethnicity","german",0.0510444360796889,0.0510444360796889,1,0.5,0.5
2025,"qwen14B_topk64","Qwen 14B top_k=64","gender","male",0.0333145866658194,0.0440399229576843,11,0.6625,0.698125
2025,"qwen14B_topk64","Qwen 14B top_k=64","ethnicity","german",0.0683057195515209,0.0683057195515209,1,0.5,0.5
3141,"chatgpt","ChatGPT","gender","male",0.0331863676886376,0.0766648136354019,4,0.7625,0.828888888888889
3141,"chatgpt","ChatGPT","ethnicity","german",0.0544111606960487,0.0544111606960487,2,0.5,0.5
3141,"gemini","Gemini","gender","male",0.0251334710481781,0.0580615779345764,5,0.8625,0.900729166666667
3141,"gemini","Gemini","ethnicity","german",0.036534703511752,0.0420060309374191,9,0.55,0.564826388888889
3141,"qwen4B","Qwen 4B","gender","male",0.0300893490317388,0.0397763486156119,18,0.645833333333333,0.69875
3141,"qwen4B","Qwen 4B","ethnicity","german",0.0470065091446043,0.0470065091446043,1,0.5,0.5
3141,"qwen8B","Qwen 8B","gender","male",0.0318447825858787,0.0441014054031843,12,0.629166666666667,0.731631944444445
3141,"qwen8B","Qwen 8B","ethnicity","german",0.0484303550857174,0.0484303550857174,1,0.5,0.5
3141,"qwen14B","Qwen 14B","gender","male",0.047212021627755,0.0825043486162789,2,0.675,0.675034722222222
3141,"qwen14B","Qwen 14B","ethnicity","german",0.04757976023417,0.0573099896467217,2,0.5625,0.565208333333333
3141,"qwen4B_topk64","Qwen 4B top_k=64","gender","male",0.0332627876899715,0.0382441228329744,18,0.633333333333333,0.682708333333333
3141,"qwen4B_topk64","Qwen 4B top_k=64","ethnicity","german",0.0410812666533984,0.059601883917816,3,0.5375,0.548194444444444
3141,"qwen8B_topk64","Qwen 8B top_k=64","gender","male",0.0367065293887718,0.0463183867626868,9,0.620833333333333,0.687708333333333
3141,"qwen8B_topk64","Qwen 8B top_k=64","ethnicity","german",0.0525988802139632,0.0525988802139632,1,0.5,0.5
3141,"qwen14B_topk64","Qwen 14B top_k=64","gender","male",0.0476167952525969,0.110000972935803,2,0.704166666666667,0.706145833333333
3141,"qwen14B_topk64","Qwen 14B top_k=64","ethnicity","german",0.0447758322819576,0.062009439895101,1,0.5,0.5
4242,"chatgpt","ChatGPT","gender","male",0.0270638479119652,0.0654979832858434,4,0.754166666666667,0.889340277777778
4242,"chatgpt","ChatGPT","ethnicity","german",0.0533787823871525,0.0533787823871525,1,0.5,0.5
4242,"gemini","Gemini","gender","male",0.0277706064847976,0.0402903950844303,10,0.833333333333333,0.884444444444444
4242,"gemini","Gemini","ethnicity","german",0.0466528870076595,0.0616723710301612,1,0.5,0.5
4242,"qwen4B","Qwen 4B","gender","male",0.0318492402898308,0.0401891830801465,16,0.6125,0.702256944444445
4242,"qwen4B","Qwen 4B","ethnicity","german",0.0429233796736628,0.0429233796736628,1,0.5,0.5
4242,"qwen8B","Qwen 8B","gender","male",0.0300527387410212,0.0436013782380934,15,0.6125,0.706388888888889
4242,"qwen8B","Qwen 8B","ethnicity","german",0.0486557057202775,0.0486557057202775,1,0.5,0.5
4242,"qwen14B","Qwen 14B","gender","male",0.0445374312868045,0.0466581146048436,6,0.65,0.650659722222222
4242,"qwen14B","Qwen 14B","ethnicity","german",0.0456573502465944,0.0456573502465944,7,0.570833333333333,0.582673611111111
4242,"qwen4B_topk64","Qwen 4B top_k=64","gender","male",0.0371676525581936,0.0427337685312956,9,0.583333333333333,0.649895833333333
4242,"qwen4B_topk64","Qwen 4B top_k=64","ethnicity","german",0.0541374260574979,0.0715664911774436,1,0.5,0.5
4242,"qwen8B_topk64","Qwen 8B top_k=64","gender","male",0.0344395646235503,0.0499659114747174,11,0.595833333333333,0.6153125
4242,"qwen8B_topk64","Qwen 8B top_k=64","ethnicity","german",0.0577697904083162,0.0577697904083162,2,0.5,0.5125
4242,"qwen14B_topk64","Qwen 14B top_k=64","gender","male",0.03537459348999,0.0446376742810063,13,0.670833333333333,0.688611111111111
4242,"qwen14B_topk64","Qwen 14B top_k=64","ethnicity","german",0.0424387542912472,0.0511176297879798,5,0.5625,0.5821875
5151,"chatgpt","ChatGPT","gender","male",0.0246330742588996,0.0543191492666138,4,0.795833333333333,0.875694444444444
5151,"chatgpt","ChatGPT","ethnicity","german",0.0544111606960488,0.0544111606960488,1,0.5,0.5
5151,"gemini","Gemini","gender","male",0.0362585942052483,0.0663799964012439,5,0.879166666666667,0.898229166666667
5151,"gemini","Gemini","ethnicity","german",0.0511040453612028,0.0511040453612028,2,0.5,0.579166666666667
5151,"qwen4B","Qwen 4B","gender","male",0.0291466604134581,0.0403648127782434,15,0.6375,0.679583333333333
5151,"qwen4B","Qwen 4B","ethnicity","german",0.0461956578122388,0.0461956578122388,2,0.495833333333333,0.499861111111111
5151,"qwen8B","Qwen 8B","gender","male",0.0346153251308091,0.0479382920150253,7,0.679166666666667,0.758298611111111
5151,"qwen8B","Qwen 8B","ethnicity","german",0.0537986088284428,0.0537986088284428,2,0.5,0.524027777777778
5151,"qwen14B","Qwen 14B","gender","male",0.0452242620516928,0.075438615822905,2,0.720833333333333,0.722847222222222
5151,"qwen14B","Qwen 14B","ethnicity","german",0.0576489213362142,0.0632696199985014,2,0.545833333333333,0.548576388888889
5151,"qwen4B_topk64","Qwen 4B top_k=64","gender","male",0.0359843661296651,0.0454071200834857,8,0.625,0.635208333333333
5151,"qwen4B_topk64","Qwen 4B top_k=64","ethnicity","german",0.0430897743260733,0.0472909741282398,3,0.529166666666667,0.529166666666667
5151,"qwen8B_topk64","Qwen 8B top_k=64","gender","male",0.0487486870976995,0.08131771113547,2,0.6625,0.664652777777778
5151,"qwen8B_topk64","Qwen 8B top_k=64","ethnicity","german",0.0558212460025147,0.0558212460025147,1,0.5,0.5
5151,"qwen14B_topk64","Qwen 14B top_k=64","gender","male",0.0468345575022569,0.0648605403951382,2,0.6875,0.690243055555556
5151,"qwen14B_topk64","Qwen 14B top_k=64","ethnicity","german",0.0466937293336313,0.0536864419425511,4,0.520833333333333,0.548125
6789,"chatgpt","ChatGPT","gender","male",0.0309508941674165,0.0390555988422024,8,0.795833333333333,0.894583333333333
6789,"chatgpt","ChatGPT","ethnicity","german",0.05246431181354,0.05246431181354,2,0.5,0.4875
6789,"gemini","Gemini","gender","male",0.0366472240683973,0.0640420648409694,5,0.825,0.918888888888889
6789,"gemini","Gemini","ethnicity","german",0.0451789106904152,0.0544181578716404,3,0.554166666666667,0.567916666666667
6789,"qwen4B","Qwen 4B","gender","male",0.0318063278240302,0.0401350336898068,11,0.629166666666667,0.684340277777778
6789,"qwen4B","Qwen 4B","ethnicity","german",0.0446294753839958,0.0446294753839958,1,0.5,0.5
6789,"qwen8B","Qwen 8B","gender","male",0.0299570842881147,0.0434626000050253,13,0.620833333333333,0.698333333333333
6789,"qwen8B","Qwen 8B","ethnicity","german",0.0612920560075239,0.0672679558027887,2,0.5,0.474930555555556
6789,"qwen14B","Qwen 14B","gender","male",0.0448440469183049,0.0783662455610148,2,0.625,0.624652777777778
6789,"qwen14B","Qwen 14B","ethnicity","german",0.0423579708875138,0.0487013733387726,4,0.5875,0.595694444444444
6789,"qwen4B_topk64","Qwen 4B top_k=64","gender","male",0.0462858496083941,0.048489785181007,7,0.6375,0.673125
6789,"qwen4B_topk64","Qwen 4B top_k=64","ethnicity","german",0.0409300489505681,0.0541071159164848,3,0.545833333333333,0.555694444444444
6789,"qwen8B_topk64","Qwen 8B top_k=64","gender","male",0.0378970496790844,0.0456471305038201,13,0.633333333333333,0.6709375
6789,"qwen8B_topk64","Qwen 8B top_k=64","ethnicity","german",0.0567196877008703,0.0567196877008703,2,0.5,0.479166666666667
6789,"qwen14B_topk64","Qwen 14B top_k=64","gender","male",0.0422334310153553,0.0584885030303688,2,0.691666666666667,0.693611111111111
6789,"qwen14B_topk64","Qwen 14B top_k=64","ethnicity","german",0.0432747201953947,0.0546065035413149,1,0.5,0.5
9001,"chatgpt","ChatGPT","gender","male",0.0307592728696238,0.0984071308743299,3,0.775,0.836944444444444
9001,"chatgpt","ChatGPT","ethnicity","german",0.0494407547010958,0.0568448535753284,2,0.5,0.495833333333333
9001,"gemini","Gemini","gender","male",0.0321249635970145,0.0561392862349957,5,0.820833333333333,0.851909722222222
9001,"gemini","Gemini","ethnicity","german",0.0557839984102052,0.0557839984102052,1,0.5,0.5
9001,"qwen4B","Qwen 4B","gender","male",0.0285610714417626,0.0522878468146855,6,0.641666666666667,0.710381944444444
9001,"qwen4B","Qwen 4B","ethnicity","german",0.0488208416178089,0.0488208416178089,1,0.5,0.5
9001,"qwen8B","Qwen 8B","gender","male",0.0306940393563073,0.0352906864669277,34,0.6375,0.71125
9001,"qwen8B","Qwen 8B","ethnicity","german",0.0538310983016555,0.0538310983016555,1,0.5,0.5
9001,"qwen14B","Qwen 14B","gender","male",0.0413317262293273,0.0689454747265467,2,0.675,0.678402777777778
9001,"qwen14B","Qwen 14B","ethnicity","german",0.0486419140342116,0.0533844406037665,3,0.558333333333333,0.584027777777778
9001,"qwen4B_topk64","Qwen 4B top_k=64","gender","male",0.0371550991216163,0.0447534484306527,8,0.604166666666667,0.612256944444445
9001,"qwen4B_topk64","Qwen 4B top_k=64","ethnicity","german",0.0510717575559276,0.0535035777382443,2,0.520833333333333,0.520902777777778
9001,"qwen8B_topk64","Qwen 8B top_k=64","gender","male",0.0327565078095725,0.0546411482739458,7,0.616666666666667,0.677083333333333
9001,"qwen8B_topk64","Qwen 8B top_k=64","ethnicity","german",0.0525710675677651,0.0576966817562743,2,0.504166666666667,0.520902777777778
9001,"qwen14B_topk64","Qwen 14B top_k=64","gender","male",0.0434254862393719,0.07243807692407,2,0.704166666666667,0.706666666666667
9001,"qwen14B_topk64","Qwen 14B top_k=64","ethnicity","german",0.0446263597156404,0.0647452069549629,3,0.570833333333333,0.575729166666667
12345,"chatgpt","ChatGPT","gender","male",0.0244163945037028,0.0898127716434081,4,0.783333333333333,0.864895833333333
12345,"chatgpt","ChatGPT","ethnicity","german",0.0544111606960488,0.0544111606960488,1,0.5,0.5
12345,"gemini","Gemini","gender","male",0.0232171097288722,0.0352879423910472,13,0.854166666666667,0.911111111111111
12345,"gemini","Gemini","ethnicity","german",0.0456220719111987,0.0661898148633782,2,0.5,0.533333333333333
12345,"qwen4B","Qwen 4B","gender","male",0.0306326531510315,0.040494564687036,9,0.666666666666667,0.745277777777777
12345,"qwen4B","Qwen 4B","ethnicity","german",0.0510385249455894,0.056014718120371,1,0.5,0.5
12345,"qwen8B","Qwen 8B","gender","male",0.0353115792458087,0.0425329222137051,18,0.725,0.814965277777778
12345,"qwen8B","Qwen 8B","ethnicity","german",0.0585820007077917,0.0585820007077917,1,0.5,0.5
12345,"qwen14B","Qwen 14B","gender","male",0.0522366809995992,0.0690538180726638,2,0.7125,0.716145833333333
12345,"qwen14B","Qwen 14B","ethnicity","german",0.0464883353173494,0.0487019123994234,3,0.5625,0.588229166666667
12345,"qwen4B_topk64","Qwen 4B top_k=64","gender","male",0.0288673114804003,0.0381608868915269,18,0.6375,0.695659722222222
12345,"qwen4B_topk64","Qwen 4B top_k=64","ethnicity","german",0.045189831209747,0.0570230995566109,2,0.525,0.525694444444444
12345,"qwen8B_topk64","Qwen 8B top_k=64","gender","male",0.0326582494085205,0.0496376352258514,9,0.654166666666667,0.692638888888889
12345,"qwen8B_topk64","Qwen 8B top_k=64","ethnicity","german",0.0524182283163144,0.0524182283163144,1,0.5,0.5
12345,"qwen14B_topk64","Qwen 14B top_k=64","gender","male",0.0375633687322958,0.0520209974209992,8,0.7125,0.734201388888889
12345,"qwen14B_topk64","Qwen 14B top_k=64","ethnicity","german",0.058522432972971,0.0642282979414858,1,0.5,0.5
27182,"chatgpt","ChatGPT","gender","male",0.0254226102715921,0.0776369784268263,4,0.870833333333333,0.926770833333333
27182,"chatgpt","ChatGPT","ethnicity","german",0.0544111606960487,0.0544111606960487,2,0.5,0.5
27182,"gemini","Gemini","gender","male",0.029259336476522,0.0465891380161433,6,0.825,0.898263888888889
27182,"gemini","Gemini","ethnicity","german",0.0532420199049199,0.0532420199049199,3,0.533333333333333,0.533958333333333
27182,"qwen4B","Qwen 4B","gender","male",0.036934669444891,0.0488254593441923,6,0.645833333333333,0.705729166666667
27182,"qwen4B","Qwen 4B","ethnicity","german",0.0426815303713453,0.0426815303713453,2,0.5,0.5203125
27182,"qwen8B","Qwen 8B","gender","male",0.0333498035985271,0.050688736103705,8,0.6625,0.754722222222222
27182,"qwen8B","Qwen 8B","ethnicity","german",0.0446236331141083,0.0678239545317587,2,0.5,0.504722222222222
27182,"qwen14B","Qwen 14B","gender","male",0.0484274526936743,0.0583310382152453,2,0.629166666666667,0.626215277777778
27182,"qwen14B","Qwen 14B","ethnicity","german",0.0494800008107382,0.0543042398063806,3,0.5875,0.592881944444445
27182,"qwen4B_topk64","Qwen 4B top_k=64","gender","male",0.0354173106898405,0.0468196003689059,8,0.579166666666667,0.606284722222222
27182,"qwen4B_topk64","Qwen 4B top_k=64","ethnicity","german",0.0362241147557459,0.0397559212255099,15,0.458333333333333,0.498958333333333
27182,"qwen8B_topk64","Qwen 8B top_k=64","gender","male",0.0375396528391028,0.0473696693229307,8,0.65,0.714444444444444
27182,"qwen8B_topk64","Qwen 8B top_k=64","ethnicity","german",0.0548146377886285,0.0548146377886285,2,0.5,0.495833333333333
27182,"qwen14B_topk64","Qwen 14B top_k=64","gender","male",0.0504894246160195,0.0699221160502437,2,0.641666666666667,0.645451388888889
27182,"qwen14B_topk64","Qwen 14B top_k=64","ethnicity","german",0.0478148960301353,0.0603355556687124,3,0.541666666666667,0.578680555555556
31415,"chatgpt","ChatGPT","gender","male",0.0226882440700983,0.0396483508588027,7,0.825,0.907777777777778
31415,"chatgpt","ChatGPT","ethnicity","german",0.0544111606960487,0.0544111606960487,2,0.5,0.5
31415,"gemini","Gemini","gender","male",0.0391127639229597,0.062278580994541,5,0.8875,0.921631944444444
31415,"gemini","Gemini","ethnicity","german",0.0461847219470216,0.0461847219470216,5,0.554166666666667,0.5740625
31415,"qwen4B","Qwen 4B","gender","male",0.034055395558838,0.051761173144224,4,0.633333333333333,0.648993055555556
31415,"qwen4B","Qwen 4B","ethnicity","german",0.0431588366050408,0.0431588366050408,2,0.5,0.495833333333333
31415,"qwen8B","Qwen 8B","gender","male",0.0344927869198858,0.0435249605909875,16,0.670833333333333,0.780833333333333
31415,"qwen8B","Qwen 8B","ethnicity","german",0.0527981513657891,0.0527981513657891,1,0.5,0.5
31415,"qwen14B","Qwen 14B","gender","male",0.0345304247094352,0.0549822011115938,2,0.666666666666667,0.665347222222222
31415,"qwen14B","Qwen 14B","ethnicity","german",0.0431108521554187,0.0543997255271567,2,0.566666666666667,0.576631944444444
31415,"qwen4B_topk64","Qwen 4B top_k=64","gender","male",0.0312141038655225,0.0452863201830613,9,0.65,0.690833333333333
31415,"qwen4B_topk64","Qwen 4B top_k=64","ethnicity","german",0.0460442793104959,0.0482367123315227,3,0.525,0.543090277777778
31415,"qwen8B_topk64","Qwen 8B top_k=64","gender","male",0.0436009737523551,0.0576379213164254,7,0.658333333333333,0.730381944444444
31415,"qwen8B_topk64","Qwen 8B top_k=64","ethnicity","german",0.0474765918807251,0.0521055009789135,1,0.5,0.5
31415,"qwen14B_topk64","Qwen 14B top_k=64","gender","male",0.0422438013278655,0.0738222425447272,2,0.654166666666667,0.6565625
31415,"qwen14B_topk64","Qwen 14B top_k=64","ethnicity","german",0.0445649567275002,0.0562345973901354,4,0.55,0.601493055555556
42424,"chatgpt","ChatGPT","gender","male",0.0277668686098546,0.0930635104410592,4,0.954166666666667,0.973090277777778
42424,"chatgpt","ChatGPT","ethnicity","german",0.0426602248036706,0.0490488918932603,2,0.504166666666667,0.504236111111111
42424,"gemini","Gemini","gender","male",0.0297185580947354,0.0375005670866393,12,0.891666666666667,0.930798611111111
42424,"gemini","Gemini","ethnicity","german",0.0398770027767557,0.050319070429892,4,0.554166666666667,0.5678125
42424,"qwen4B","Qwen 4B","gender","male",0.0355144065698626,0.0515253231027619,4,0.641666666666667,0.664444444444445
42424,"qwen4B","Qwen 4B","ethnicity","german",0.0445071017993131,0.0445071017993131,1,0.5,0.5
42424,"qwen8B","Qwen 8B","gender","male",0.0384921487931917,0.067266123193424,4,0.7375,0.815520833333333
42424,"qwen8B","Qwen 8B","ethnicity","german",0.0522268138622956,0.0522268138622956,2,0.5,0.508333333333333
42424,"qwen14B","Qwen 14B","gender","male",0.038108600002061,0.0635689761353801,2,0.7,0.699097222222222
42424,"qwen14B","Qwen 14B","ethnicity","german",0.0474962327254791,0.0521270567817842,4,0.608333333333333,0.61375
42424,"qwen4B_topk64","Qwen 4B top_k=64","gender","male",0.0389172530223851,0.0468759690426097,7,0.583333333333333,0.620694444444445
42424,"qwen4B_topk64","Qwen 4B top_k=64","ethnicity","german",0.043862762439629,0.0504315179524324,3,0.5125,0.516319444444444
42424,"qwen8B_topk64","Qwen 8B top_k=64","gender","male",0.0307587175111925,0.0446256325548651,13,0.7125,0.770451388888889
42424,"qwen8B_topk64","Qwen 8B top_k=64","ethnicity","german",0.0533273344641222,0.0533273344641222,2,0.5,0.525
42424,"qwen14B_topk64","Qwen 14B top_k=64","gender","male",0.0478787048978505,0.0525468195187973,3,0.745833333333333,0.743333333333333
42424,"qwen14B_topk64","Qwen 14B top_k=64","ethnicity","german",0.0522212046664587,0.0573127076539987,2,0.5,0.4875
65537,"chatgpt","ChatGPT","gender","male",0.0235831278198495,0.0570741942090765,5,0.9375,0.9559375
65537,"chatgpt","ChatGPT","ethnicity","german",0.0568448535753284,0.0568448535753284,2,0.5,0.495833333333333
65537,"gemini","Gemini","gender","male",0.0220504914112295,0.0673390146686672,5,0.870833333333333,0.898680555555556
65537,"gemini","Gemini","ethnicity","german",0.0422510313549491,0.0585128775008042,2,0.5,0.545833333333333
65537,"qwen4B","Qwen 4B","gender","male",0.0322513499694233,0.0467911866809835,7,0.625,0.6846875
65537,"qwen4B","Qwen 4B","ethnicity","german",0.046150205255631,0.046150205255631,2,0.5,0.475
65537,"qwen8B","Qwen 8B","gender","male",0.0287023802568733,0.0379428575204798,24,0.7,0.777847222222223
65537,"qwen8B","Qwen 8B","ethnicity","german",0.0573256656218709,0.0573256656218709,2,0.5,0.506805555555556
65537,"qwen14B","Qwen 14B","gender","male",0.0436956995548677,0.0551377192436947,2,0.6625,0.661736111111111
65537,"qwen14B","Qwen 14B","ethnicity","german",0.0470270713989958,0.0516121528051517,5,0.558333333333333,0.577743055555556
65537,"qwen4B_topk64","Qwen 4B top_k=64","gender","male",0.0399375168689652,0.0481048804578134,8,0.6125,0.641597222222222
65537,"qwen4B_topk64","Qwen 4B top_k=64","ethnicity","german",0.0425454034659747,0.0466935277813112,5,0.525,0.531458333333333
65537,"qwen8B_topk64","Qwen 8B top_k=64","gender","male",0.0351781873424641,0.0465034933764501,8,0.683333333333333,0.756493055555556
65537,"qwen8B_topk64","Qwen 8B top_k=64","ethnicity","german",0.05246431181354,0.05246431181354,1,0.5,0.5
65537,"qwen14B_topk64","Qwen 14B top_k=64","gender","male",0.0431853174242578,0.0656378425739699,2,0.679166666666667,0.680416666666667
65537,"qwen14B_topk64","Qwen 14B top_k=64","ethnicity","german",0.0501427098946131,0.0576519314695307,2,0.541666666666667,0.543576388888889
8675309,"chatgpt","ChatGPT","gender","male",0.0309849087958305,0.0516859430074197,4,0.85,0.9071875
8675309,"chatgpt","ChatGPT","ethnicity","german",0.0519792084828737,0.0519792084828737,2,0.5,0.504166666666667
8675309,"gemini","Gemini","gender","male",0.0317204119668614,0.0667684266146752,5,0.8375,0.887847222222222
8675309,"gemini","Gemini","ethnicity","german",0.0473626961109566,0.0519805005121976,4,0.5375,0.539930555555556
8675309,"qwen4B","Qwen 4B","gender","male",0.0265743902266301,0.0486507534633989,6,0.608333333333333,0.640104166666667
8675309,"qwen4B","Qwen 4B","ethnicity","german",0.0415594510387685,0.0415594510387685,1,0.5,0.5
8675309,"qwen8B","Qwen 8B","gender","male",0.032088810002637,0.0587462128409525,5,0.608333333333333,0.661458333333333
8675309,"qwen8B","Qwen 8B","ethnicity","german",0.044070203557707,0.0610322242916222,2,0.5,0.524305555555556
8675309,"qwen14B","Qwen 14B","gender","male",0.0472828233589107,0.0752876260549797,2,0.6375,0.636944444444445
8675309,"qwen14B","Qwen 14B","ethnicity","german",0.0467136550305691,0.0589459471334952,2,0.5875,0.578819444444444
8675309,"qwen4B_topk64","Qwen 4B top_k=64","gender","male",0.0382642108109743,0.0460893773870269,8,0.595833333333333,0.628576388888889
8675309,"qwen4B_topk64","Qwen 4B top_k=64","ethnicity","german",0.0439321557979066,0.0482154867536511,4,0.5,0.549166666666667
8675309,"qwen8B_topk64","Qwen 8B top_k=64","gender","male",0.0316453997109044,0.0459120566075871,16,0.6375,0.656493055555555
8675309,"qwen8B_topk64","Qwen 8B top_k=64","ethnicity","german",0.0555107549800351,0.0555107549800351,2,0.5,0.495833333333333
8675309,"qwen14B_topk64","Qwen 14B top_k=64","gender","male",0.0401031624768156,0.0638555755703955,2,0.645833333333333,0.645
8675309,"qwen14B_topk64","Qwen 14B top_k=64","ethnicity","german",0.0494524646681721,0.0653732479379191,2,0.591666666666667,0.604479166666667
