"model_key","model_label","target","term","selected_n","selected_share","coefficient_mean","coefficient_sd","coefficient_min","coefficient_max"
"chatgpt","ChatGPT","ethnicity","muttersprache",16,0.533333333333333,-0.00103308380448117,0.00413233521792457,-0.0165293408716983,-1.97014394041115e-17
"chatgpt","ChatGPT","ethnicity","bildungsprogrammen",2,0.0666666666666667,-4.55640464195712e-17,2.17119531221908e-17,-6.09167157050767e-17,-3.02113771340656e-17
"chatgpt","ChatGPT","ethnicity","haltung",1,0.0333333333333333,4.12275631277327e-17,NA,4.12275631277327e-17,4.12275631277327e-17
"chatgpt","ChatGPT","ethnicity","bildungsmanager",1,0.0333333333333333,-3.85299322073711e-17,NA,-3.85299322073711e-17,-3.85299322073711e-17
"chatgpt","ChatGPT","ethnicity","märz",1,0.0333333333333333,3.48582590555287e-17,NA,3.48582590555287e-17,3.48582590555287e-17
"chatgpt","ChatGPT","gender","fachkraft",30,1,-0.990525670871927,0.122885080563456,-1.22192783273226,-0.705346728048151
"chatgpt","ChatGPT","gender","fach-mann/-frau",30,1,0.59999627951247,0.0913567072181564,0.417784539645516,0.782419979589315
"chatgpt","ChatGPT","gender","kauf-mann/-frau",26,0.866666666666667,-0.198693418426971,0.100884831174507,-0.346633508482463,-0.00590964352219021
"chatgpt","ChatGPT","gender","kommunikationsspezialist",17,0.566666666666667,-0.0570880717466588,0.0351728051192411,-0.150326997408917,-0.00140549840602495
"chatgpt","ChatGPT","gender","kommunikationsprofi",8,0.266666666666667,0.0168388623812895,0.0140559304940688,0.00334972626682104,0.0384005531858361
"chatgpt","ChatGPT","gender","sport",5,0.166666666666667,0.023153548968945,0.0130812629797474,0.0114906019284195,0.0434769302659632
"chatgpt","ChatGPT","gender","frau",1,0.0333333333333333,-0.000239358393104258,NA,-0.000239358393104258,-0.000239358393104258
"gemini","Gemini","ethnicity","austausch",24,0.8,-0.0233470916633809,0.0231336162711734,-0.0792539947012195,-2.74379265535943e-17
"gemini","Gemini","ethnicity","muttersprache",9,0.3,0.00833037204126142,0.00476380593766867,0.00110041079066848,0.0177505862427478
"gemini","Gemini","ethnicity","fußball",4,0.133333333333333,-0.019294483139676,0.00659164302490755,-0.0280922156093127,-0.0122686970974335
"gemini","Gemini","ethnicity","persönlichkeitsentwicklung",3,0.1,-0.00548489036913601,0.00662071335934702,-0.0128393664095804,-2.72116569685049e-17
"gemini","Gemini","ethnicity","freuen",2,0.0666666666666667,-0.021259837478137,0.00799034455657298,-0.0269098642981067,-0.0156098106581672
"gemini","Gemini","ethnicity","bereitschaft",2,0.0666666666666667,-0.0181641865543337,0.0120200873958612,-0.0266636718624021,-0.00966470124626526
"gemini","Gemini","ethnicity","asana",2,0.0666666666666667,0.00145974697079668,7.83305304663016e-05,0.00140435892153002,0.00151513502006335
"gemini","Gemini","ethnicity","fachartikel",1,0.0333333333333333,0.0817199367760344,NA,0.0817199367760344,0.0817199367760344
"gemini","Gemini","ethnicity","geschäftsmodelle",1,0.0333333333333333,0.0517597335159301,NA,0.0517597335159301,0.0517597335159301
"gemini","Gemini","ethnicity","ableitung",1,0.0333333333333333,0.0301098521301798,NA,0.0301098521301798,0.0301098521301798
"gemini","Gemini","ethnicity","arbeitsumfeld",1,0.0333333333333333,0.0299480534042032,NA,0.0299480534042032,0.0299480534042032
"gemini","Gemini","ethnicity","messen",1,0.0333333333333333,0.0183077387490934,NA,0.0183077387490934,0.0183077387490934
"gemini","Gemini","ethnicity","koordinationsfähigkeit",1,0.0333333333333333,-0.0176615303214332,NA,-0.0176615303214332,-0.0176615303214332
"gemini","Gemini","ethnicity","bank",1,0.0333333333333333,-0.0163237323116492,NA,-0.0163237323116492,-0.0163237323116492
"gemini","Gemini","ethnicity","einfühlungsvermögen",1,0.0333333333333333,-0.00960372010231512,NA,-0.00960372010231512,-0.00960372010231512
"gemini","Gemini","ethnicity","akquisition",1,0.0333333333333333,-0.00948082118166886,NA,-0.00948082118166886,-0.00948082118166886
"gemini","Gemini","ethnicity","beratungshaus",1,0.0333333333333333,-0.0082744310167275,NA,-0.0082744310167275,-0.0082744310167275
"gemini","Gemini","ethnicity","solide",1,0.0333333333333333,-0.00807371524585496,NA,-0.00807371524585496,-0.00807371524585496
"gemini","Gemini","ethnicity","feld",1,0.0333333333333333,-0.00522811519209287,NA,-0.00522811519209287,-0.00522811519209287
"gemini","Gemini","ethnicity","professionell",1,0.0333333333333333,0.0036773400606266,NA,0.0036773400606266,0.0036773400606266
"gemini","Gemini","ethnicity","finanzbuchhalter",1,0.0333333333333333,0.00317349624172277,NA,0.00317349624172277,0.00317349624172277
"gemini","Gemini","ethnicity","betriebswirtschaftslehren",1,0.0333333333333333,0.00289308918603644,NA,0.00289308918603644,0.00289308918603644
"gemini","Gemini","ethnicity","musterstadt",1,0.0333333333333333,0.00210918722083696,NA,0.00210918722083696,0.00210918722083696
"gemini","Gemini","ethnicity","stakeholdermanagement",1,0.0333333333333333,-0.000849252698373583,NA,-0.000849252698373583,-0.000849252698373583
"gemini","Gemini","gender","fachkraft",30,1,-1.54096508110729,0.127642521912126,-1.75964328203417,-1.3327865876068
"gemini","Gemini","gender","profi",30,1,0.133429961760932,0.056753653349146,0.0569863396819526,0.29492784547351
"gemini","Gemini","gender","führungskraft",29,0.966666666666667,-0.342328575584508,0.0734934040579399,-0.486366962458668,-0.176813417565977
"gemini","Gemini","gender","persönlichkeit",26,0.866666666666667,-0.0780160463594806,0.0609906830247901,-0.222413434255191,-0.00474538459110182
"gemini","Gemini","gender","kauf-mann/-frau",19,0.633333333333333,-0.0888394676936026,0.0624595343319085,-0.233808393141511,-0.00202209007187803
"gemini","Gemini","gender","berufserfahren",6,0.2,-0.0743344475346325,0.0561745830068115,-0.165827364485673,-0.0156096035786095
"gemini","Gemini","gender","journalistisch",5,0.166666666666667,-0.0428303593748257,0.0231457771175578,-0.0781237054836123,-0.0160374315345788
"gemini","Gemini","gender","berufstätig",4,0.133333333333333,0.0369201356394307,0.0286761478495578,0.000160429395495045,0.0687644109390391
"gemini","Gemini","gender","durchsetzungsvermögen",4,0.133333333333333,-0.0337160211991653,0.0249468709460717,-0.0619074208583639,-0.0114245602243112
"gemini","Gemini","gender","fußball",3,0.1,0.0123761254305343,0.0164286029289365,0.00278926296009942,0.0313458765399781
"gemini","Gemini","gender","kommunikationsstark",2,0.0666666666666667,-0.0434690987761727,0.011029531191317,-0.0512681550748615,-0.0356700424774839
"gemini","Gemini","gender","mahnwesen",2,0.0666666666666667,-0.0398973603149454,0.00598892118154561,-0.0441321670944081,-0.0356625535354828
"gemini","Gemini","gender","mitteleuropa",2,0.0666666666666667,-0.0270925472298,0.0269385401330032,-0.0461409716331126,-0.00804412282648747
"gemini","Gemini","gender","landshut",2,0.0666666666666667,-0.0172647917872637,0.00245608947529362,-0.0190015093104447,-0.0155280742640827
"gemini","Gemini","gender","communications",2,0.0666666666666667,-0.0106435568638667,0.00889256906267032,-0.0169315527502506,-0.0043555609774828
"gemini","Gemini","gender","finanzanalyst",1,0.0333333333333333,-0.0655257700850277,NA,-0.0655257700850277,-0.0655257700850277
"gemini","Gemini","gender","netzwerken",1,0.0333333333333333,-0.0353887360803114,NA,-0.0353887360803114,-0.0353887360803114
"gemini","Gemini","gender","studie",1,0.0333333333333333,0.0283414525656642,NA,0.0283414525656642,0.0283414525656642
"gemini","Gemini","gender","scientists",1,0.0333333333333333,-0.0205565428624422,NA,-0.0205565428624422,-0.0205565428624422
"gemini","Gemini","gender","integrativ",1,0.0333333333333333,0.0115196522000533,NA,0.0115196522000533,0.0115196522000533
"gemini","Gemini","gender","kontenabstimmung",1,0.0333333333333333,-0.0105604891588093,NA,-0.0105604891588093,-0.0105604891588093
"gemini","Gemini","gender","junior",1,0.0333333333333333,-0.00968723116075043,NA,-0.00968723116075043,-0.00968723116075043
"gemini","Gemini","gender","rechtswissenschaft",1,0.0333333333333333,-0.00623546213319851,NA,-0.00623546213319851,-0.00623546213319851
"gemini","Gemini","gender","hgb",1,0.0333333333333333,-0.00609730306468884,NA,-0.00609730306468884,-0.00609730306468884
"gemini","Gemini","gender","regensburg",1,0.0333333333333333,-0.00417788220548719,NA,-0.00417788220548719,-0.00417788220548719
"gemini","Gemini","gender","unternehmenskommunikation",1,0.0333333333333333,-0.00328751523904701,NA,-0.00328751523904701,-0.00328751523904701
"gemini","Gemini","gender","management",1,0.0333333333333333,-0.00158172140793543,NA,-0.00158172140793543,-0.00158172140793543
"qwen14B","Qwen 14B","ethnicity","muttersprachlich",30,1,-0.0374424628016635,0.0122427188547212,-0.0599554210072263,-2.0870150420402e-17
"qwen14B","Qwen 14B","ethnicity","berl",16,0.533333333333333,-0.0139513583469161,0.0126838551733931,-0.0468974623157074,-0.00257910320797371
"qwen14B","Qwen 14B","ethnicity","lernen",11,0.366666666666667,-0.0236649313543219,0.0204762118063216,-0.0618128956293941,-0.00189731581933679
"qwen14B","Qwen 14B","ethnicity","menschlich",3,0.1,-0.0286663793909851,0.00881738469116771,-0.0386792732365095,-0.0220622026973502
"qwen14B","Qwen 14B","ethnicity","kommunikationsplanung",2,0.0666666666666667,0.0280666434987531,0.0138345720399741,0.0182841237944736,0.0378491632030326
"qwen14B","Qwen 14B","ethnicity","presseveranstaltung",2,0.0666666666666667,0.0120412908317583,0.00251557140794002,0.0102625132306449,0.0138200684328717
"qwen14B","Qwen 14B","ethnicity","mitarbeiter",2,0.0666666666666667,0.00265706050217056,0.000320888868505087,0.00243015780724334,0.00288396319709779
"qwen14B","Qwen 14B","ethnicity","muttersprache",2,0.0666666666666667,0.00179683465896871,0.00199506168428731,0.000386113013123701,0.00320755630481372
"qwen14B","Qwen 14B","ethnicity","arbeitsform",1,0.0333333333333333,0.0227663315262342,NA,0.0227663315262342,0.0227663315262342
"qwen14B","Qwen 14B","ethnicity","mensch",1,0.0333333333333333,-0.00543811109734505,NA,-0.00543811109734505,-0.00543811109734505
"qwen14B","Qwen 14B","ethnicity","medienprojekt",1,0.0333333333333333,0.00459291800326565,NA,0.00459291800326565,0.00459291800326565
"qwen14B","Qwen 14B","ethnicity","entwicklungsmöglichkeit",1,0.0333333333333333,-0.00342443061953381,NA,-0.00342443061953381,-0.00342443061953381
"qwen14B","Qwen 14B","ethnicity","lehrbeauftragter",1,0.0333333333333333,0.000107307031931461,NA,0.000107307031931461,0.000107307031931461
"qwen14B","Qwen 14B","gender","fachkraft",30,1,-0.429567146917604,0.0648208830945342,-0.564866344454082,-0.311819115419002
"qwen14B","Qwen 14B","gender","tennis",1,0.0333333333333333,0.0351267289042615,NA,0.0351267289042615,0.0351267289042615
"qwen14B","Qwen 14B","gender","pädagog",1,0.0333333333333333,-0.00920598006836053,NA,-0.00920598006836053,-0.00920598006836053
"qwen14B","Qwen 14B","gender","pädagoge",1,0.0333333333333333,0.00905038607413582,NA,0.00905038607413582,0.00905038607413582
"qwen14B","Qwen 14B","gender","maß",1,0.0333333333333333,0.000776475392245432,NA,0.000776475392245432,0.000776475392245432
"qwen14B_topk64","Qwen 14B top_k=64","ethnicity","berl",23,0.766666666666667,-0.0270342612514459,0.0219861427289937,-0.0964629205625267,-4.63816359935663e-17
"qwen14B_topk64","Qwen 14B top_k=64","ethnicity","muttersprachlich",18,0.6,-0.0190621090212332,0.0138487388075298,-0.0452232582013959,-3.12864746084464e-17
"qwen14B_topk64","Qwen 14B top_k=64","ethnicity","st",7,0.233333333333333,0.0655241308673349,0.0499620150451201,0.00189554399007678,0.138366759563553
"qwen14B_topk64","Qwen 14B top_k=64","ethnicity","wandern",4,0.133333333333333,0.0123709398471651,0.0111118758568166,0.000129310401523792,0.0265974767445534
"qwen14B_topk64","Qwen 14B top_k=64","ethnicity","university",4,0.133333333333333,-0.00949732862622029,0.0138508601989521,-0.0300801531070788,-2.1929205309195e-17
"qwen14B_topk64","Qwen 14B top_k=64","ethnicity","vertriebsteams",3,0.1,-0.0248862764311654,0.0140767913154969,-0.035051414757364,-0.0088192397868003
"qwen14B_topk64","Qwen 14B top_k=64","ethnicity","bayern",3,0.1,0.00840686628860246,0.00407709145891406,0.00597956893751727,0.0131139152334258
"qwen14B_topk64","Qwen 14B top_k=64","ethnicity","zusammenzuarbeien",2,0.0666666666666667,0.0113757896703156,0.00612104030755344,0.00704756056092838,0.0157040187797028
"qwen14B_topk64","Qwen 14B top_k=64","ethnicity","märz",2,0.0666666666666667,-0.002130731444637,0.00076132121872054,-0.0026690668410555,-0.0015923960482185
"qwen14B_topk64","Qwen 14B top_k=64","ethnicity","volunteering",1,0.0333333333333333,0.0295149803090063,NA,0.0295149803090063,0.0295149803090063
"qwen14B_topk64","Qwen 14B top_k=64","ethnicity","laufbahn",1,0.0333333333333333,-0.0134191651204967,NA,-0.0134191651204967,-0.0134191651204967
"qwen14B_topk64","Qwen 14B top_k=64","ethnicity","stressresistenz",1,0.0333333333333333,0.0114529777784051,NA,0.0114529777784051,0.0114529777784051
"qwen14B_topk64","Qwen 14B top_k=64","ethnicity","arbeitswelt",1,0.0333333333333333,0.0110093395960571,NA,0.0110093395960571,0.0110093395960571
"qwen14B_topk64","Qwen 14B top_k=64","ethnicity","fairness",1,0.0333333333333333,0.0100020459856378,NA,0.0100020459856378,0.0100020459856378
"qwen14B_topk64","Qwen 14B top_k=64","ethnicity","relevant",1,0.0333333333333333,-0.00524540128172287,NA,-0.00524540128172287,-0.00524540128172287
"qwen14B_topk64","Qwen 14B top_k=64","ethnicity","workshops",1,0.0333333333333333,-0.00272993526397566,NA,-0.00272993526397566,-0.00272993526397566
"qwen14B_topk64","Qwen 14B top_k=64","ethnicity","grundkenntnisse",1,0.0333333333333333,0.00272281392314281,NA,0.00272281392314281,0.00272281392314281
"qwen14B_topk64","Qwen 14B top_k=64","ethnicity","engagiert",1,0.0333333333333333,0.00154060756164223,NA,0.00154060756164223,0.00154060756164223
"qwen14B_topk64","Qwen 14B top_k=64","ethnicity","neu",1,0.0333333333333333,0.00131386947735688,NA,0.00131386947735688,0.00131386947735688
"qwen14B_topk64","Qwen 14B top_k=64","ethnicity","kulturell",1,0.0333333333333333,-0.000932254323845716,NA,-0.000932254323845716,-0.000932254323845716
"qwen14B_topk64","Qwen 14B top_k=64","gender","fachkraft",30,1,-0.359239160323422,0.0646527041958811,-0.479489605030714,-0.169002809199175
"qwen14B_topk64","Qwen 14B top_k=64","gender","profi",13,0.433333333333333,0.0302305552718533,0.0199110001421006,0.00356063788361277,0.0666870519681121
"qwen14B_topk64","Qwen 14B top_k=64","gender","sport",7,0.233333333333333,0.0394753070986207,0.015038574627142,0.0228395276882414,0.0669656915141913
"qwen14B_topk64","Qwen 14B top_k=64","gender","kommunikationsstrategien",5,0.166666666666667,0.0453059293790614,0.0257665125519463,0.0144098297828632,0.0771537079296057
"qwen14B_topk64","Qwen 14B top_k=64","gender","pädagoge",5,0.166666666666667,0.0167027512179263,0.00974711231673368,0.00729743217199432,0.0292738363009018
"qwen14B_topk64","Qwen 14B top_k=64","gender","motiviert",4,0.133333333333333,0.0263708977481917,0.014109067656869,0.00693238095784265,0.0406791504591834
"qwen14B_topk64","Qwen 14B top_k=64","gender","geschäftsführung",3,0.1,-0.0383788508165514,0.0324981716474865,-0.0736107001987619,-0.00957504195276074
"qwen14B_topk64","Qwen 14B top_k=64","gender","fach",3,0.1,0.0239241387421034,0.0166083475528113,0.0120220388731954,0.0428979465437635
"qwen14B_topk64","Qwen 14B top_k=64","gender","trainer",3,0.1,0.0117809095125647,0.00858491757846929,0.00479251799369576,0.02136383238145
"qwen14B_topk64","Qwen 14B top_k=64","gender","yoga",2,0.0666666666666667,-0.0273216181392113,0.0359432068552277,-0.0527373034441336,-0.00190593283428903
"qwen14B_topk64","Qwen 14B top_k=64","gender","tennis",2,0.0666666666666667,0.00382328239863142,0.002200431893296,0.00226734208534266,0.00537922271192018
"qwen14B_topk64","Qwen 14B top_k=64","gender","lehrbeauftragen",1,0.0333333333333333,-0.0280773475573913,NA,-0.0280773475573913,-0.0280773475573913
"qwen14B_topk64","Qwen 14B top_k=64","gender","methode",1,0.0333333333333333,0.026150270281977,NA,0.026150270281977,0.026150270281977
"qwen14B_topk64","Qwen 14B top_k=64","gender","komplex",1,0.0333333333333333,0.0212969942648884,NA,0.0212969942648884,0.0212969942648884
"qwen14B_topk64","Qwen 14B top_k=64","gender","unterstützen",1,0.0333333333333333,-0.0183451116730538,NA,-0.0183451116730538,-0.0183451116730538
"qwen14B_topk64","Qwen 14B top_k=64","gender","erreichen",1,0.0333333333333333,-0.0178377642119046,NA,-0.0178377642119046,-0.0178377642119046
"qwen14B_topk64","Qwen 14B top_k=64","gender","kommunikationskampagn",1,0.0333333333333333,-0.0177246787793421,NA,-0.0177246787793421,-0.0177246787793421
"qwen14B_topk64","Qwen 14B top_k=64","gender","beruflich",1,0.0333333333333333,-0.0157918124698349,NA,-0.0157918124698349,-0.0157918124698349
"qwen14B_topk64","Qwen 14B top_k=64","gender","einsatz",1,0.0333333333333333,0.0111026729204638,NA,0.0111026729204638,0.0111026729204638
"qwen14B_topk64","Qwen 14B top_k=64","gender","reiseaufwand",1,0.0333333333333333,0.00836922494538424,NA,0.00836922494538424,0.00836922494538424
"qwen14B_topk64","Qwen 14B top_k=64","gender","projektplän",1,0.0333333333333333,-0.00731690673433856,NA,-0.00731690673433856,-0.00731690673433856
"qwen14B_topk64","Qwen 14B top_k=64","gender","fachwissen",1,0.0333333333333333,-0.00621711005403447,NA,-0.00621711005403447,-0.00621711005403447
"qwen14B_topk64","Qwen 14B top_k=64","gender","teamentwicklung",1,0.0333333333333333,0.00433552032058477,NA,0.00433552032058477,0.00433552032058477
"qwen14B_topk64","Qwen 14B top_k=64","gender","fotografie",1,0.0333333333333333,0.00229209218232478,NA,0.00229209218232478,0.00229209218232478
"qwen4B","Qwen 4B","ethnicity","berl",2,0.0666666666666667,-3.60980712114757e-17,2.50069395861001e-18,-3.7866328867281e-17,-3.43298135556703e-17
"qwen4B","Qwen 4B","ethnicity","aufgabe",2,0.0666666666666667,2.01138714101461e-17,7.21912235571227e-19,1.96034023729522e-17,2.06243404473401e-17
"qwen4B","Qwen 4B","ethnicity","projektarbeit",1,0.0333333333333333,9.03405766869616e-17,NA,9.03405766869616e-17,9.03405766869616e-17
"qwen4B","Qwen 4B","ethnicity","einfühlsam",1,0.0333333333333333,-7.68642405859755e-17,NA,-7.68642405859755e-17,-7.68642405859755e-17
"qwen4B","Qwen 4B","ethnicity","familienunternehmen",1,0.0333333333333333,-5.19093927608824e-17,NA,-5.19093927608824e-17,-5.19093927608824e-17
"qwen4B","Qwen 4B","ethnicity","freizeitaktivität",1,0.0333333333333333,4.94785958321189e-17,NA,4.94785958321189e-17,4.94785958321189e-17
"qwen4B","Qwen 4B","ethnicity","value",1,0.0333333333333333,3.94487250126863e-17,NA,3.94487250126863e-17,3.94487250126863e-17
"qwen4B","Qwen 4B","ethnicity","insbesondere",1,0.0333333333333333,3.67232014667755e-17,NA,3.67232014667755e-17,3.67232014667755e-17
"qwen4B","Qwen 4B","ethnicity","abschluss",1,0.0333333333333333,2.71889925693821e-17,NA,2.71889925693821e-17,2.71889925693821e-17
"qwen4B","Qwen 4B","gender","fachkraft",30,1,-0.363239609231663,0.0360037054538124,-0.432899629619823,-0.293127113348003
"qwen4B","Qwen 4B","gender","wertvoll",30,1,0.0844470967794991,0.0285853332430462,0.0380224791412746,0.151409167409102
"qwen4B","Qwen 4B","gender","fachperson",29,0.966666666666667,-0.0695429441706093,0.0309950549001531,-0.130211859905605,-0.00930283591319407
"qwen4B","Qwen 4B","gender","fokus",20,0.666666666666667,-0.0286523522028056,0.022424325335705,-0.0824722403375729,-0.00408515922724436
"qwen4B","Qwen 4B","gender","liegen",16,0.533333333333333,0.0355670969334586,0.0241756548873327,0.00410003498479925,0.0837677399557979
"qwen4B","Qwen 4B","gender","fach-mann/-frau",15,0.5,0.0157878218763878,0.0111869951474156,0.00201446676357567,0.0396125316879806
"qwen4B","Qwen 4B","gender","prägen",12,0.4,0.0228395034980989,0.0131217831751282,0.00131774627915586,0.0442564722116751
"qwen4B","Qwen 4B","gender","erfahrenе",11,0.366666666666667,-0.0249197782987765,0.0185468733287981,-0.0633152048665203,-0.00412946049283633
"qwen4B","Qwen 4B","gender","fachlich",9,0.3,0.00820994747445837,0.0044224583482099,0.00231990134189288,0.0154940376716738
"qwen4B","Qwen 4B","gender","arbeitsatmosphär",6,0.2,0.0451094260326717,0.0222454556436736,0.0109451518320789,0.0686323277798887
"qwen4B","Qwen 4B","gender","erfahrend",6,0.2,0.00862107546537239,0.00322049781752102,0.00416078292079336,0.0139117428816059
"qwen4B","Qwen 4B","gender","interdisziplinär",5,0.166666666666667,-0.00943689623413221,0.0109762673108173,-0.027436952167123,-0.000730189471645567
"qwen4B","Qwen 4B","gender","grundlage",5,0.166666666666667,0.00625066084671934,0.00780228476628436,0.000223517666802659,0.0196259779930908
"qwen4B","Qwen 4B","gender","entwickelnd",4,0.133333333333333,-0.0308295697700696,0.0308927011125415,-0.0609059051895738,-0.00232928799707834
"qwen4B","Qwen 4B","gender","kombinieren",3,0.1,0.0167676806947758,0.0125026719180262,0.0031304905712843,0.0276895779927224
"qwen4B","Qwen 4B","gender","sprechen",3,0.1,0.00910829693343104,0.0125410632869537,0.000680186989052218,0.0235205620643432
"qwen4B","Qwen 4B","gender","gebäude",3,0.1,-0.00801957894081969,0.00457523529119777,-0.0121476786229159,-0.00310038063938821
"qwen4B","Qwen 4B","gender","möchten",3,0.1,0.00795408468717567,0.0085671693319701,0.00217114857432076,0.0177964251923413
"qwen4B","Qwen 4B","gender","gemeinsam",2,0.0666666666666667,0.016334929176533,0.00212889432744125,0.0148295735611697,0.0178402847918963
"qwen4B","Qwen 4B","gender","lösen",2,0.0666666666666667,0.0119543172097019,0.016287309648804,0.000437450109747526,0.0234711843096563
"qwen4B","Qwen 4B","gender","abschließen",2,0.0666666666666667,0.0110943772565585,0.0146905593357931,0.00070658313079583,0.0214821713823212
"qwen4B","Qwen 4B","gender","solutions",2,0.0666666666666667,-0.0102288200666687,0.00425425586235234,-0.0132370332358406,-0.0072206068974967
"qwen4B","Qwen 4B","gender","fähigkeit",2,0.0666666666666667,0.0101066939979085,0.00936292226567437,0.00348610817212769,0.0167272798236894
"qwen4B","Qwen 4B","gender","praxis",2,0.0666666666666667,0.00652098057294864,0.00569689933142514,0.00249266442396081,0.0105492967219365
"qwen4B","Qwen 4B","gender","bereich",2,0.0666666666666667,0.00276981062887005,5.40980968013608e-05,0.00273155749777252,0.00280806375996758
"qwen4B","Qwen 4B","gender","programmierend",2,0.0666666666666667,-0.00249873713032141,0.00268853035912602,-0.00439981517868532,-0.000597659081957494
"qwen4B","Qwen 4B","gender","personalmanagement",1,0.0333333333333333,0.0376429657662432,NA,0.0376429657662432,0.0376429657662432
"qwen4B","Qwen 4B","gender","mba",1,0.0333333333333333,-0.0293444024855185,NA,-0.0293444024855185,-0.0293444024855185
"qwen4B","Qwen 4B","gender","arbeitsmodelle",1,0.0333333333333333,-0.0275731208500596,NA,-0.0275731208500596,-0.0275731208500596
"qwen4B","Qwen 4B","gender","vielzahl",1,0.0333333333333333,0.0255693827256954,NA,0.0255693827256954,0.0255693827256954
"qwen4B","Qwen 4B","gender","analysis",1,0.0333333333333333,0.0246884783641652,NA,0.0246884783641652,0.0246884783641652
"qwen4B","Qwen 4B","gender","branche",1,0.0333333333333333,0.0218806268364104,NA,0.0218806268364104,0.0218806268364104
"qwen4B","Qwen 4B","gender","umfassen",1,0.0333333333333333,0.0217749229676816,NA,0.0217749229676816,0.0217749229676816
"qwen4B","Qwen 4B","gender","tätig",1,0.0333333333333333,0.0109147234875401,NA,0.0109147234875401,0.0109147234875401
"qwen4B","Qwen 4B","gender","technologie",1,0.0333333333333333,-0.00765532443133006,NA,-0.00765532443133006,-0.00765532443133006
"qwen4B","Qwen 4B","gender","sport",1,0.0333333333333333,0.00635196456091608,NA,0.00635196456091608,0.00635196456091608
"qwen4B","Qwen 4B","gender","berufserfahren",1,0.0333333333333333,-0.00604727065967798,NA,-0.00604727065967798,-0.00604727065967798
"qwen4B","Qwen 4B","gender","aufbauorganisationen",1,0.0333333333333333,0.00528213580453741,NA,0.00528213580453741,0.00528213580453741
"qwen4B","Qwen 4B","gender","of",1,0.0333333333333333,0.00506395255797427,NA,0.00506395255797427,0.00506395255797427
"qwen4B","Qwen 4B","gender","bestreben",1,0.0333333333333333,-0.00372286254715755,NA,-0.00372286254715755,-0.00372286254715755
"qwen4B","Qwen 4B","gender","system",1,0.0333333333333333,-0.00297144201625574,NA,-0.00297144201625574,-0.00297144201625574
"qwen4B","Qwen 4B","gender","bayreuth",1,0.0333333333333333,-0.00254974398060312,NA,-0.00254974398060312,-0.00254974398060312
"qwen4B","Qwen 4B","gender","problem",1,0.0333333333333333,0.00253435080521236,NA,0.00253435080521236,0.00253435080521236
"qwen4B","Qwen 4B","gender","berater",1,0.0333333333333333,0.00181075741499456,NA,0.00181075741499456,0.00181075741499456
"qwen4B","Qwen 4B","gender","engineering",1,0.0333333333333333,-0.000682112340234373,NA,-0.000682112340234373,-0.000682112340234373
"qwen4B_topk64","Qwen 4B top_k=64","ethnicity","berl",26,0.866666666666667,-0.0503382654679074,0.0225430609456407,-0.084831813529328,-3.76912144621068e-17
"qwen4B_topk64","Qwen 4B top_k=64","ethnicity","alt",18,0.6,0.0496480099944232,0.0330221238390134,0.00181024652533062,0.119788197288
"qwen4B_topk64","Qwen 4B top_k=64","ethnicity","vision",4,0.133333333333333,-0.0211814473794823,0.0294383283822429,-0.0639063993447185,-0.00036442986341156
"qwen4B_topk64","Qwen 4B top_k=64","ethnicity","schaffen",3,0.1,0.0416960516911368,0.052497060270846,0.00906024891174725,0.102253297784268
"qwen4B_topk64","Qwen 4B top_k=64","ethnicity","analytik",3,0.1,0.0115655914393434,0.0148543062129871,0.00166676246020758,0.028645970511357
"qwen4B_topk64","Qwen 4B top_k=64","ethnicity","teamentwicklung",1,0.0333333333333333,0.0348773660030773,NA,0.0348773660030773,0.0348773660030773
"qwen4B_topk64","Qwen 4B top_k=64","ethnicity","verbinden",1,0.0333333333333333,0.0335047193568814,NA,0.0335047193568814,0.0335047193568814
"qwen4B_topk64","Qwen 4B top_k=64","ethnicity","begleiten",1,0.0333333333333333,0.0227591569813552,NA,0.0227591569813552,0.0227591569813552
"qwen4B_topk64","Qwen 4B top_k=64","ethnicity","kollege",1,0.0333333333333333,0.0226671116877021,NA,0.0226671116877021,0.0226671116877021
"qwen4B_topk64","Qwen 4B top_k=64","ethnicity","strategisch",1,0.0333333333333333,-0.0154220548642683,NA,-0.0154220548642683,-0.0154220548642683
"qwen4B_topk64","Qwen 4B top_k=64","ethnicity","operativ",1,0.0333333333333333,-0.011628834542758,NA,-0.011628834542758,-0.011628834542758
"qwen4B_topk64","Qwen 4B top_k=64","ethnicity","hintergrund",1,0.0333333333333333,0.0079309355608595,NA,0.0079309355608595,0.0079309355608595
"qwen4B_topk64","Qwen 4B top_k=64","ethnicity","tätig",1,0.0333333333333333,0.00586584967434802,NA,0.00586584967434802,0.00586584967434802
"qwen4B_topk64","Qwen 4B top_k=64","ethnicity","datenwissenschaft",1,0.0333333333333333,-0.00493060172222397,NA,-0.00493060172222397,-0.00493060172222397
"qwen4B_topk64","Qwen 4B top_k=64","ethnicity","konzern",1,0.0333333333333333,0.00361084498292119,NA,0.00361084498292119,0.00361084498292119
"qwen4B_topk64","Qwen 4B top_k=64","ethnicity","fachkraft",1,0.0333333333333333,-0.00318307838781737,NA,-0.00318307838781737,-0.00318307838781737
"qwen4B_topk64","Qwen 4B top_k=64","ethnicity","reisen",1,0.0333333333333333,0.00247464165783443,NA,0.00247464165783443,0.00247464165783443
"qwen4B_topk64","Qwen 4B top_k=64","ethnicity","kommunikativ",1,0.0333333333333333,-0.00247139621953221,NA,-0.00247139621953221,-0.00247139621953221
"qwen4B_topk64","Qwen 4B top_k=64","ethnicity","information",1,0.0333333333333333,0.00124262567224757,NA,0.00124262567224757,0.00124262567224757
"qwen4B_topk64","Qwen 4B top_k=64","ethnicity","wiesbaden",1,0.0333333333333333,-0.000996718865779005,NA,-0.000996718865779005,-0.000996718865779005
"qwen4B_topk64","Qwen 4B top_k=64","gender","fachkraft",30,1,-0.20599543552505,0.020289551749577,-0.244330938075988,-0.156768665858827
"qwen4B_topk64","Qwen 4B top_k=64","gender","fachperson",30,1,-0.0949727962382309,0.0216760337633557,-0.129701203504655,-0.0347053863481215
"qwen4B_topk64","Qwen 4B top_k=64","gender","teammitglied",30,1,0.0834515584343876,0.0365201109848482,0.0230579230893649,0.176880879654507
"qwen4B_topk64","Qwen 4B top_k=64","gender","umfassen",29,0.966666666666667,0.0543635385215833,0.0270286912916852,0.00589335737780082,0.105953622337348
"qwen4B_topk64","Qwen 4B top_k=64","gender","prägen",25,0.833333333333333,0.0252879369725314,0.0227693305433513,2.1065027802889e-05,0.0871804746853341
"qwen4B_topk64","Qwen 4B top_k=64","gender","person",19,0.633333333333333,-0.0234762280876653,0.016564013700551,-0.0561574115959974,-0.00263390492737744
"qwen4B_topk64","Qwen 4B top_k=64","gender","motiviert",18,0.6,-0.0203939330734886,0.013957416423342,-0.0449706491683832,-0.00398383092356157
"qwen4B_topk64","Qwen 4B top_k=64","gender","technologisch",13,0.433333333333333,0.0203996616735959,0.0173826295738691,0.000300482913954971,0.0528520049351828
"qwen4B_topk64","Qwen 4B top_k=64","gender","reichen",11,0.366666666666667,0.0328725088671211,0.0247231907782382,0.00371898091392521,0.0764032302627252
"qwen4B_topk64","Qwen 4B top_k=64","gender","integrativ",10,0.333333333333333,-0.0171053478930946,0.013645670140752,-0.0417294717077616,-0.00304258878609784
"qwen4B_topk64","Qwen 4B top_k=64","gender","wobei",9,0.3,0.0231946910292438,0.0158413496965671,0.00212913233375306,0.0421776855660375
"qwen4B_topk64","Qwen 4B top_k=64","gender","kandidat",5,0.166666666666667,0.0305727258841317,0.0300398280221567,0.000110782145540746,0.0701442305348091
"qwen4B_topk64","Qwen 4B top_k=64","gender","einzigartig",3,0.1,-0.0175252997919244,0.0241898270864055,-0.0452800634999478,-0.000927154606780129
"qwen4B_topk64","Qwen 4B top_k=64","gender","wirtschaftsinformatik",3,0.1,0.0171435450150272,0.0146031390150051,0.00388332774609214,0.0327945542462778
"qwen4B_topk64","Qwen 4B top_k=64","gender","idealerweise",3,0.1,0.0147551793509282,0.0133065512088658,0.00167125683348442,0.02827371095204
"qwen4B_topk64","Qwen 4B top_k=64","gender","geben",3,0.1,0.0112077061859635,0.00773116233313422,0.00370380315285413,0.0191476704142398
"qwen4B_topk64","Qwen 4B top_k=64","gender","leidenschaftlich",3,0.1,-0.00506810543657265,0.00385443468691466,-0.00951060658237601,-0.00261275139756496
"qwen4B_topk64","Qwen 4B top_k=64","gender","leidenschaft",2,0.0666666666666667,-0.0376058649409733,0.0503203505034451,-0.0731877260136432,-0.0020240038683034
"qwen4B_topk64","Qwen 4B top_k=64","gender","branchenerfahrung",2,0.0666666666666667,0.0243789396793998,0.0306168296340219,0.00272957182674967,0.0460283075320499
"qwen4B_topk64","Qwen 4B top_k=64","gender","anpassungsfähig",2,0.0666666666666667,0.013446804688174,0.00333316434193931,0.0110899015791795,0.0158037077971684
"qwen4B_topk64","Qwen 4B top_k=64","gender","weiterentwicklung",2,0.0666666666666667,-0.00966728554400436,0.0120097918281784,-0.0181594907863481,-0.00117508030166064
"qwen4B_topk64","Qwen 4B top_k=64","gender","wodurch",2,0.0666666666666667,0.00514008878858323,0.000626791447199658,0.00469688030587862,0.00558329727128784
"qwen4B_topk64","Qwen 4B top_k=64","gender","kommunikationsagentur",2,0.0666666666666667,-0.00315513323142346,0.000126054780398817,-0.00324426742144445,-0.00306599904140248
"qwen4B_topk64","Qwen 4B top_k=64","gender","projektplanung",1,0.0333333333333333,-0.0332895739594502,NA,-0.0332895739594502,-0.0332895739594502
"qwen4B_topk64","Qwen 4B top_k=64","gender","musik",1,0.0333333333333333,0.0278525980474548,NA,0.0278525980474548,0.0278525980474548
"qwen4B_topk64","Qwen 4B top_k=64","gender","rolle",1,0.0333333333333333,-0.026470227357006,NA,-0.026470227357006,-0.026470227357006
"qwen4B_topk64","Qwen 4B top_k=64","gender","reisen",1,0.0333333333333333,0.0248386071920232,NA,0.0248386071920232,0.0248386071920232
"qwen4B_topk64","Qwen 4B top_k=64","gender","weiterbilden",1,0.0333333333333333,0.0237375109308916,NA,0.0237375109308916,0.0237375109308916
"qwen4B_topk64","Qwen 4B top_k=64","gender","unternehmenskultur",1,0.0333333333333333,-0.0200418008972846,NA,-0.0200418008972846,-0.0200418008972846
"qwen4B_topk64","Qwen 4B top_k=64","gender","internationals",1,0.0333333333333333,-0.0198166878830174,NA,-0.0198166878830174,-0.0198166878830174
"qwen4B_topk64","Qwen 4B top_k=64","gender","begleitung",1,0.0333333333333333,-0.0187065915965773,NA,-0.0187065915965773,-0.0187065915965773
"qwen4B_topk64","Qwen 4B top_k=64","gender","dank",1,0.0333333333333333,-0.0165463032322793,NA,-0.0165463032322793,-0.0165463032322793
"qwen4B_topk64","Qwen 4B top_k=64","gender","schnell",1,0.0333333333333333,0.0160847863316441,NA,0.0160847863316441,0.0160847863316441
"qwen4B_topk64","Qwen 4B top_k=64","gender","berufserfahren",1,0.0333333333333333,0.0143459024090396,NA,0.0143459024090396,0.0143459024090396
"qwen4B_topk64","Qwen 4B top_k=64","gender","teams",1,0.0333333333333333,0.0134515825741435,NA,0.0134515825741435,0.0134515825741435
"qwen4B_topk64","Qwen 4B top_k=64","gender","projektassistent",1,0.0333333333333333,-0.00742242743544166,NA,-0.00742242743544166,-0.00742242743544166
"qwen4B_topk64","Qwen 4B top_k=64","gender","viele",1,0.0333333333333333,-0.00653945915429683,NA,-0.00653945915429683,-0.00653945915429683
"qwen4B_topk64","Qwen 4B top_k=64","gender","sport",1,0.0333333333333333,0.00589120537137538,NA,0.00589120537137538,0.00589120537137538
"qwen4B_topk64","Qwen 4B top_k=64","gender","führungskompetenz",1,0.0333333333333333,0.00490696371749758,NA,0.00490696371749758,0.00490696371749758
"qwen4B_topk64","Qwen 4B top_k=64","gender","workshops",1,0.0333333333333333,-0.00488596014793452,NA,-0.00488596014793452,-0.00488596014793452
"qwen4B_topk64","Qwen 4B top_k=64","gender","schätzen",1,0.0333333333333333,0.00341970541432386,NA,0.00341970541432386,0.00341970541432386
"qwen4B_topk64","Qwen 4B top_k=64","gender","arbeitsweise",1,0.0333333333333333,0.000999882455633051,NA,0.000999882455633051,0.000999882455633051
"qwen4B_topk64","Qwen 4B top_k=64","gender","machine",1,0.0333333333333333,0.000822231113773527,NA,0.000822231113773527,0.000822231113773527
"qwen4B_topk64","Qwen 4B top_k=64","gender","abteilung",1,0.0333333333333333,-0.000379519557127229,NA,-0.000379519557127229,-0.000379519557127229
"qwen4B_topk64","Qwen 4B top_k=64","gender","programmierend",1,0.0333333333333333,-0.000316173537042334,NA,-0.000316173537042334,-0.000316173537042334
"qwen8B","Qwen 8B","ethnicity","kulturell",6,0.2,-3.80601102118697e-17,1.24305598491274e-17,-5.07436148453993e-17,-2.14945803290898e-17
"qwen8B","Qwen 8B","ethnicity","wertvoll",5,0.166666666666667,-0.0040085020393413,0.00896328304791357,-0.0200425101967063,-2.50235687458681e-17
"qwen8B","Qwen 8B","ethnicity","aktivität",3,0.1,-4.68985889563839e-17,2.23411755324152e-17,-7.25682377265623e-17,-3.18434102793081e-17
"qwen8B","Qwen 8B","ethnicity","anbieten",2,0.0666666666666667,-9.06651205190384e-17,5.28429078156277e-18,-9.4401678364443e-17,-8.69285626736338e-17
"qwen8B","Qwen 8B","ethnicity","austauschprojekt",2,0.0666666666666667,-3.2666814797735e-17,2.65736585610162e-19,-3.28547189394293e-17,-3.24789106560407e-17
"qwen8B","Qwen 8B","ethnicity","kaufmännisch",1,0.0333333333333333,1.46316101215187e-16,NA,1.46316101215187e-16,1.46316101215187e-16
"qwen8B","Qwen 8B","gender","fachkraft",30,1,-0.55440796338621,0.0630695242102102,-0.672553753159317,-0.395208902070238
"qwen8B","Qwen 8B","gender","sport",30,1,0.177908414285948,0.0420866808842942,0.105292864199247,0.260588880641631
"qwen8B","Qwen 8B","gender","ergebnisorientiert",30,1,0.129758173861223,0.0397308116621809,0.0311879245580092,0.200846573983768
"qwen8B","Qwen 8B","gender","neu",24,0.8,0.0205334844986427,0.0136251403165162,0.000469032534236907,0.0435139657586636
"qwen8B","Qwen 8B","gender","sozialpädagoge",18,0.6,0.0694614702869224,0.0386400274147526,0.00548879952449673,0.142348287606717
"qwen8B","Qwen 8B","gender","erprobt",18,0.6,-0.0498054872161867,0.0285621615746028,-0.112514468971446,-0.00282823699838425
"qwen8B","Qwen 8B","gender","pädagog",13,0.433333333333333,-0.0258671705256876,0.0187150721163778,-0.0677786321295394,-0.00217046854084001
"qwen8B","Qwen 8B","gender","vollzeit",13,0.433333333333333,0.0228048462226555,0.0166453865735673,0.000394524351030995,0.0533044375107591
"qwen8B","Qwen 8B","gender","marketingkauf-mann/-frau",12,0.4,-0.0248524275066002,0.0143512922027945,-0.0496913038906224,-0.00117379910216379
"qwen8B","Qwen 8B","gender","professionell",10,0.333333333333333,-0.0166897260935994,0.0114168265599776,-0.0407981705365295,-0.00180015459388611
"qwen8B","Qwen 8B","gender","spezialist",9,0.3,0.0200364863707589,0.0150537188669219,3.7373108822503e-05,0.0514508974113348
"qwen8B","Qwen 8B","gender","begrenzt",9,0.3,-0.0120388095436417,0.0108317602081475,-0.0334345226718694,-0.00255582125207768
"qwen8B","Qwen 8B","gender","komplex",8,0.266666666666667,0.00663898250145697,0.00506695893915407,0.00111421027508016,0.0148220125876718
"qwen8B","Qwen 8B","gender","ki",7,0.233333333333333,0.0167632711547078,0.0165662636397819,0.00227840004052612,0.0500738848863697
"qwen8B","Qwen 8B","gender","franzoesisch",6,0.2,0.0220491014963882,0.0147119823635766,0.00279667577236334,0.0384398574123999
"qwen8B","Qwen 8B","gender","zielorientieren",5,0.166666666666667,-0.0140308372011793,0.00734818622368131,-0.0248652802075035,-0.0062558271458316
"qwen8B","Qwen 8B","gender","ideal",4,0.133333333333333,0.0250679693449831,0.0314709928419755,0.00308526402388895,0.070796099620915
"qwen8B","Qwen 8B","gender","coach",4,0.133333333333333,0.0133314829954496,0.0121168214708445,0.00249764146704837,0.0304272408553827
"qwen8B","Qwen 8B","gender","vertriebsmanager",4,0.133333333333333,0.0090721259694078,0.00560842774383549,0.00421522913066358,0.016687494639428
"qwen8B","Qwen 8B","gender","vielzahl",3,0.1,0.0360293787962267,0.0234898896675589,0.0173953402313586,0.0624155038451133
"qwen8B","Qwen 8B","gender","treiber",3,0.1,-0.0303625180191827,0.0264744201307798,-0.0498701689071549,-0.000225278021060074
"qwen8B","Qwen 8B","gender","berufserfahren",3,0.1,0.00951701131732423,0.00471851528727389,0.00488076353184964,0.014313701604169
"qwen8B","Qwen 8B","gender","experte/-in",2,0.0666666666666667,0.0290520823062253,0.0204431171573627,0.0145966155356631,0.0435075490767875
"qwen8B","Qwen 8B","gender","communications",2,0.0666666666666667,-0.0191016233746792,0.00197686412959117,-0.0204994774061976,-0.0177037693431609
"qwen8B","Qwen 8B","gender","team",2,0.0666666666666667,0.00924710180741177,0.00578838178975144,0.0051540977917818,0.0133401058230417
"qwen8B","Qwen 8B","gender","wegbereiter",2,0.0666666666666667,-0.00817014024685003,0.00922969926683858,-0.0146965231867441,-0.00164375730695596
"qwen8B","Qwen 8B","gender","kulturwissenschaft",2,0.0666666666666667,-0.00756962171763202,0.00684078871092457,-0.0124067898037912,-0.00273245363147288
"qwen8B","Qwen 8B","gender","freiwilligenarbeit",2,0.0666666666666667,0.00332270726870459,0.00412475917520338,0.000406062085156845,0.00623935245225233
"qwen8B","Qwen 8B","gender","yoga",1,0.0333333333333333,-0.0665878324383698,NA,-0.0665878324383698,-0.0665878324383698
"qwen8B","Qwen 8B","gender","konferenz",1,0.0333333333333333,-0.0406267922119729,NA,-0.0406267922119729,-0.0406267922119729
"qwen8B","Qwen 8B","gender","assistenz",1,0.0333333333333333,-0.0354890875580255,NA,-0.0354890875580255,-0.0354890875580255
"qwen8B","Qwen 8B","gender","aufbauen",1,0.0333333333333333,0.0282223716256457,NA,0.0282223716256457,0.0282223716256457
"qwen8B","Qwen 8B","gender","sozialmanagement",1,0.0333333333333333,0.0272823010046794,NA,0.0272823010046794,0.0272823010046794
"qwen8B","Qwen 8B","gender","schule",1,0.0333333333333333,0.0246660247023579,NA,0.0246660247023579,0.0246660247023579
"qwen8B","Qwen 8B","gender","leidenschaftlich",1,0.0333333333333333,-0.019116345957063,NA,-0.019116345957063,-0.019116345957063
"qwen8B","Qwen 8B","gender","bereitschaft",1,0.0333333333333333,-0.0185246368850101,NA,-0.0185246368850101,-0.0185246368850101
"qwen8B","Qwen 8B","gender","design",1,0.0333333333333333,-0.0150482383035764,NA,-0.0150482383035764,-0.0150482383035764
"qwen8B","Qwen 8B","gender","verantwortungsbewusst",1,0.0333333333333333,-0.0134454316926317,NA,-0.0134454316926317,-0.0134454316926317
"qwen8B","Qwen 8B","gender","selbstorganisation",1,0.0333333333333333,-0.0111393711336493,NA,-0.0111393711336493,-0.0111393711336493
"qwen8B","Qwen 8B","gender","weiterentwicklung",1,0.0333333333333333,0.00988043495462106,NA,0.00988043495462106,0.00988043495462106
"qwen8B","Qwen 8B","gender","fachspezialist",1,0.0333333333333333,0.0097781314749085,NA,0.0097781314749085,0.0097781314749085
"qwen8B","Qwen 8B","gender","aufbau",1,0.0333333333333333,0.0085400792047598,NA,0.0085400792047598,0.0085400792047598
"qwen8B","Qwen 8B","gender","vertriebsprozesse",1,0.0333333333333333,0.00768251975685237,NA,0.00768251975685237,0.00768251975685237
"qwen8B","Qwen 8B","gender","personalplanung",1,0.0333333333333333,0.00745350989726104,NA,0.00745350989726104,0.00745350989726104
"qwen8B","Qwen 8B","gender","entscheidungsfindung",1,0.0333333333333333,-0.00466029259655483,NA,-0.00466029259655483,-0.00466029259655483
"qwen8B","Qwen 8B","gender","umfang",1,0.0333333333333333,-0.00387298465480931,NA,-0.00387298465480931,-0.00387298465480931
"qwen8B","Qwen 8B","gender","interagierend",1,0.0333333333333333,-0.00246197203693893,NA,-0.00246197203693893,-0.00246197203693893
"qwen8B","Qwen 8B","gender","global",1,0.0333333333333333,-0.0019625207526047,NA,-0.0019625207526047,-0.0019625207526047
"qwen8B","Qwen 8B","gender","skills",1,0.0333333333333333,-0.00162384555822288,NA,-0.00162384555822288,-0.00162384555822288
"qwen8B","Qwen 8B","gender","zielorientierung",1,0.0333333333333333,-0.00150700523886042,NA,-0.00150700523886042,-0.00150700523886042
"qwen8B","Qwen 8B","gender","verantwortlich",1,0.0333333333333333,0.00137630778412612,NA,0.00137630778412612,0.00137630778412612
"qwen8B","Qwen 8B","gender","aufbauorganisation",1,0.0333333333333333,0.000766926572966279,NA,0.000766926572966279,0.000766926572966279
"qwen8B","Qwen 8B","gender","gespannt",1,0.0333333333333333,-0.000565244517986503,NA,-0.000565244517986503,-0.000565244517986503
"qwen8B_topk64","Qwen 8B top_k=64","ethnicity","optimierung",7,0.233333333333333,0.00535590682652983,0.014170397508231,2.15356789605635e-17,0.0374913477857085
"qwen8B_topk64","Qwen 8B top_k=64","ethnicity","leiter",4,0.133333333333333,2.56863222148053e-17,6.66741996843181e-18,2.22125644678778e-17,3.5685960163683e-17
"qwen8B_topk64","Qwen 8B top_k=64","ethnicity","herren",2,0.0666666666666667,4.82340591689402e-17,2.27003943169934e-17,3.21824564117856e-17,6.42856619260949e-17
"qwen8B_topk64","Qwen 8B top_k=64","ethnicity","studierend",1,0.0333333333333333,0.022011861933524,NA,0.022011861933524,0.022011861933524
"qwen8B_topk64","Qwen 8B top_k=64","ethnicity","maß",1,0.0333333333333333,-0.0191804748501662,NA,-0.0191804748501662,-0.0191804748501662
"qwen8B_topk64","Qwen 8B top_k=64","ethnicity","mischung",1,0.0333333333333333,-0.0187797265122265,NA,-0.0187797265122265,-0.0187797265122265
"qwen8B_topk64","Qwen 8B top_k=64","ethnicity","engineering",1,0.0333333333333333,-0.00284579613355863,NA,-0.00284579613355863,-0.00284579613355863
"qwen8B_topk64","Qwen 8B top_k=64","ethnicity","ausgezeichnet",1,0.0333333333333333,-1.35384009392846e-16,NA,-1.35384009392846e-16,-1.35384009392846e-16
"qwen8B_topk64","Qwen 8B top_k=64","ethnicity","bestens",1,0.0333333333333333,-5.9402980639305e-17,NA,-5.9402980639305e-17,-5.9402980639305e-17
"qwen8B_topk64","Qwen 8B top_k=64","ethnicity","interessiert",1,0.0333333333333333,-2.96917433569951e-17,NA,-2.96917433569951e-17,-2.96917433569951e-17
"qwen8B_topk64","Qwen 8B top_k=64","gender","fachkraft",30,1,-0.458807045150105,0.0434148853202572,-0.524670959743722,-0.329097596428801
"qwen8B_topk64","Qwen 8B top_k=64","gender","sport",28,0.933333333333333,0.0685894386987281,0.0352615927398139,0.00122311967813198,0.151971326121345
"qwen8B_topk64","Qwen 8B top_k=64","gender","fachspezialist",25,0.833333333333333,0.0818227176593688,0.0354885816518956,0.0253776961174941,0.134157264146764
"qwen8B_topk64","Qwen 8B top_k=64","gender","ergebnisorientiert",25,0.833333333333333,0.057370295749498,0.0308487056864136,0.00132261398588009,0.127258393090811
"qwen8B_topk64","Qwen 8B top_k=64","gender","pädagoge",18,0.6,0.0482989379745768,0.0255691383215434,0.0038592007454171,0.100497281892933
"qwen8B_topk64","Qwen 8B top_k=64","gender","pädagog",17,0.566666666666667,-0.0454100690712873,0.0239142007321942,-0.0937127345289073,-0.00748885723458718
"qwen8B_topk64","Qwen 8B top_k=64","gender","erprobt",16,0.533333333333333,-0.0350841242251728,0.0269631468358303,-0.0960562128698459,-0.00143070132910376
"qwen8B_topk64","Qwen 8B top_k=64","gender","steuer",8,0.266666666666667,0.035712926204142,0.0232324537743904,0.00381083761388486,0.0781409887778777
"qwen8B_topk64","Qwen 8B top_k=64","gender","alt",8,0.266666666666667,0.0247242817214377,0.0266863628510193,0.00333984688311722,0.0701228577329501
"qwen8B_topk64","Qwen 8B top_k=64","gender","breit",8,0.266666666666667,0.0230219190768482,0.0217910166933244,0.000541472797887318,0.060713669507233
"qwen8B_topk64","Qwen 8B top_k=64","gender","einklang",8,0.266666666666667,0.0189405902906605,0.0166918731415997,0.00131814387906259,0.0443699232010465
"qwen8B_topk64","Qwen 8B top_k=64","gender","trainer",8,0.266666666666667,0.0154085266615406,0.012189995447416,0.00185282481135788,0.037800023194935
"qwen8B_topk64","Qwen 8B top_k=64","gender","project",7,0.233333333333333,-0.0231501017842823,0.0160508463299552,-0.0515308859858376,-0.00728079007631746
"qwen8B_topk64","Qwen 8B top_k=64","gender","kommunikationsexperte/-in",5,0.166666666666667,-0.00879814522262762,0.00985116761338387,-0.0247162112933027,-0.000941382059673811
"qwen8B_topk64","Qwen 8B top_k=64","gender","leidenschaft",4,0.133333333333333,-0.0218047279888602,0.0204598135100173,-0.0510306780078483,-0.00371873702307022
"qwen8B_topk64","Qwen 8B top_k=64","gender","interessiert",4,0.133333333333333,-0.0211644983820282,0.0284395952350873,-0.0632621649831386,-0.00164050011515036
"qwen8B_topk64","Qwen 8B top_k=64","gender","consultant",4,0.133333333333333,0.0163143634516926,0.0217582944810557,0.000486261483082996,0.048035172955103
"qwen8B_topk64","Qwen 8B top_k=64","gender","kundenorientierung",4,0.133333333333333,-0.0112222621741136,0.0080975705483523,-0.018085120850131,-0.000510368795840508
"qwen8B_topk64","Qwen 8B top_k=64","gender","ermöglichen",3,0.1,0.0438290299238622,0.00171528550338527,0.0419887732403807,0.0453834262391756
"qwen8B_topk64","Qwen 8B top_k=64","gender","prozeß",3,0.1,0.0276899467854542,0.0260782090094285,0.001213753558872,0.0533510615228144
"qwen8B_topk64","Qwen 8B top_k=64","gender","stärke",3,0.1,0.0255565661024896,0.00599388456286044,0.0208850357013268,0.0323149159473888
"qwen8B_topk64","Qwen 8B top_k=64","gender","lehrbeauftragter",3,0.1,0.023228847803506,0.0211394603560676,0.00124710860215433,0.0434109708773798
"qwen8B_topk64","Qwen 8B top_k=64","gender","initiativ",3,0.1,0.0225854376168717,0.0195177337540735,0.00324216820007849,0.0422730783704399
"qwen8B_topk64","Qwen 8B top_k=64","gender","kommunikator",3,0.1,-0.0105561332993441,0.0110501117264504,-0.0233152556261235,-0.00408401266995549
"qwen8B_topk64","Qwen 8B top_k=64","gender","fh",3,0.1,0.00862094660324856,0.00806382258392485,0.000744727923636619,0.0168601161784169
"qwen8B_topk64","Qwen 8B top_k=64","gender","zielgruppen",2,0.0666666666666667,-0.0285082726442592,0.00611642485054798,-0.0328332381326996,-0.0241833071558188
"qwen8B_topk64","Qwen 8B top_k=64","gender","professionell",2,0.0666666666666667,-0.00895173772723108,0.00758742044694384,-0.0143168541769785,-0.00358662127748362
"qwen8B_topk64","Qwen 8B top_k=64","gender","projektplanung",2,0.0666666666666667,-0.0064477943090121,0.000582057755582328,-0.00685937129502659,-0.00603621732299761
"qwen8B_topk64","Qwen 8B top_k=64","gender","kommunikationsprofessor",2,0.0666666666666667,0.00464658896126556,0.00400999409736777,0.00181109494249879,0.00748208298003234
"qwen8B_topk64","Qwen 8B top_k=64","gender","liefern",1,0.0333333333333333,-0.0501395040489769,NA,-0.0501395040489769,-0.0501395040489769
"qwen8B_topk64","Qwen 8B top_k=64","gender","etabliert",1,0.0333333333333333,0.0490244444535838,NA,0.0490244444535838,0.0490244444535838
"qwen8B_topk64","Qwen 8B top_k=64","gender","relevant",1,0.0333333333333333,0.0306065010557833,NA,0.0306065010557833,0.0306065010557833
"qwen8B_topk64","Qwen 8B top_k=64","gender","konzept",1,0.0333333333333333,-0.0294891285814125,NA,-0.0294891285814125,-0.0294891285814125
"qwen8B_topk64","Qwen 8B top_k=64","gender","eigeninitiative",1,0.0333333333333333,-0.0270265763808881,NA,-0.0270265763808881,-0.0270265763808881
"qwen8B_topk64","Qwen 8B top_k=64","gender","skill",1,0.0333333333333333,0.0267451753920139,NA,0.0267451753920139,0.0267451753920139
"qwen8B_topk64","Qwen 8B top_k=64","gender","art",1,0.0333333333333333,-0.0201997682720057,NA,-0.0201997682720057,-0.0201997682720057
"qwen8B_topk64","Qwen 8B top_k=64","gender","genau",1,0.0333333333333333,-0.0124276590564837,NA,-0.0124276590564837,-0.0124276590564837
"qwen8B_topk64","Qwen 8B top_k=64","gender","veranstaltung",1,0.0333333333333333,-0.0113798880471084,NA,-0.0113798880471084,-0.0113798880471084
"qwen8B_topk64","Qwen 8B top_k=64","gender","zertifizierung",1,0.0333333333333333,-0.00824579185353018,NA,-0.00824579185353018,-0.00824579185353018
"qwen8B_topk64","Qwen 8B top_k=64","gender","problem",1,0.0333333333333333,0.00798449994797552,NA,0.00798449994797552,0.00798449994797552
"qwen8B_topk64","Qwen 8B top_k=64","gender","unternehmen",1,0.0333333333333333,0.00711898306845179,NA,0.00711898306845179,0.00711898306845179
"qwen8B_topk64","Qwen 8B top_k=64","gender","sql",1,0.0333333333333333,0.00566069505445829,NA,0.00566069505445829,0.00566069505445829
"qwen8B_topk64","Qwen 8B top_k=64","gender","fachkompetenz",1,0.0333333333333333,0.00467565481545694,NA,0.00467565481545694,0.00467565481545694
"qwen8B_topk64","Qwen 8B top_k=64","gender","assistant",1,0.0333333333333333,-0.00319671273414875,NA,-0.00319671273414875,-0.00319671273414875
"qwen8B_topk64","Qwen 8B top_k=64","gender","marketingkampagnen",1,0.0333333333333333,-0.00300977857422892,NA,-0.00300977857422892,-0.00300977857422892
"qwen8B_topk64","Qwen 8B top_k=64","gender","beruflich",1,0.0333333333333333,0.00257760212655448,NA,0.00257760212655448,0.00257760212655448
"qwen8B_topk64","Qwen 8B top_k=64","gender","schreiben",1,0.0333333333333333,-0.00209924539337555,NA,-0.00209924539337555,-0.00209924539337555
"qwen8B_topk64","Qwen 8B top_k=64","gender","strategieberater",1,0.0333333333333333,0.00196405475959575,NA,0.00196405475959575,0.00196405475959575
"qwen8B_topk64","Qwen 8B top_k=64","gender","passionieren",1,0.0333333333333333,-0.00191208740680496,NA,-0.00191208740680496,-0.00191208740680496
"qwen8B_topk64","Qwen 8B top_k=64","gender","wertschätzung",1,0.0333333333333333,0.00179211742319979,NA,0.00179211742319979,0.00179211742319979
"qwen8B_topk64","Qwen 8B top_k=64","gender","suchen",1,0.0333333333333333,0.000669840296524417,NA,0.000669840296524417,0.000669840296524417
